,0,1,2,3,4,5,6,7,8,9,10,11,12,13,14,15,16,17,18,19,20,21,22,23,24,25,26,27,28,29,30,31,32,33,34,35,36,37,38,39,40,41,42,43,44,45,46,47,48,49,Average SD,Q1 - 25th Percentile:,High - 95th Percentile:,Low - 5th Percentile,Q3 Percentile - 75th Percentile
90,0.17031627911668643,0.15970951663955085,0.1743659193012248,0.1713720736703659,0.1718449883343658,0.1746572627814669,0.17156169943839347,0.16780034880748204,0.16283305544978943,0.1716618518585421,0.16462523221677422,0.15749709809080997,0.16341466665732463,0.16542878751930296,0.1638896607992884,0.1648048990729632,0.16660192177871147,0.172894770043151,0.17322208385280746,0.17280074849624263,0.16747462165990135,0.16418655639650342,0.16895754351532813,0.17163830553839832,0.170967229211213,0.16859030521386784,0.16900808724735394,0.1691523509433963,0.16651028277297944,0.16749458315752186,0.16043358477330583,0.17268967738374094,0.16211846276442907,0.16078469460493167,0.1658813076514407,0.1707948190837261,0.16856770375481042,0.17410436613024236,0.16570498280237714,0.1614190916501175,0.16595249190107053,0.17097376374014506,0.17260810707499447,0.1685134340524183,0.16963896486024177,0.16547729912535059,0.1696795154152762,0.1717444030833929,0.16272490711165455,0.17703073976331482,0.16804250092617373,0.16496087118454814,0.1742482203742827,0.16059158419753747,0.1716191540133971
89,0.16598828996302228,0.16589399451081113,0.17099942898891402,0.1725181551086012,0.17204751388931205,0.165170257232904,0.16214982991790644,0.16685600710180035,0.16438182363863185,0.17301495821373733,0.17292816328392702,0.16870979371074643,0.16577502331156913,0.16479312527943907,0.16868820668363493,0.1621168416797102,0.1632873078009563,0.1673896858413377,0.16601705093352087,0.16573264208832797,0.15793619172155132,0.17029626581785448,0.16588135682831684,0.17223219989256588,0.17091571515241205,0.16131832298775511,0.16105070047885564,0.16739202610694437,0.16274273004568088,0.16448871831255715,0.16131217127590472,0.1659327313298455,0.16415564614677675,0.1645935117984043,0.16784019145333054,0.16270341938771618,0.16447217355435775,0.17210499040242289,0.1751010246393516,0.17098972679996308,0.15811721913868623,0.16918215460958938,0.16598493374595785,0.16010949371243963,0.17039563519644044,0.15693364430336404,0.17481658788006063,0.16960785498740383,0.16635528816308934,0.16639017536564402,0.16651621800828106,0.1642121905197405,0.1729759004953227,0.15901374269687527,0.1701241631102418
88,0.17191413172143247,0.17058058541139245,0.16404647721381005,0.16929606958681415,0.16415223796488754,0.16536959886791708,0.17101458708970962,0.1734449575782543,0.1629892932767628,0.161200285873123,0.17330615780854092,0.1686886158981299,0.16831697478250507,0.1678563257829629,0.16594892064221167,0.1713218881444367,0.16550973723741408,0.17008019880672162,0.17141761723476587,0.1604991029331067,0.1674769833735539,0.1616583781437377,0.1654653743902813,0.16696308449840652,0.16572162320502365,0.16482214723839345,0.17490489149234095,0.1662937041843444,0.17076718701859903,0.16191469059953367,0.1611809259113399,0.17517323499866821,0.16871875015042712,0.16168996439587166,0.16905526142189903,0.16359035260593421,0.1617763446781128,0.1632864724122695,0.17204621963660274,0.17334610974705658,0.16559456499924327,0.1704906452776286,0.16956842917810977,0.16890466881126928,0.16815945492965062,0.16897962845598952,0.15885525793030486,0.166534299208961,0.16473052527425122,0.1686749370473058,0.16726595750140016,0.16429680979222847,0.17340047605421532,0.16118963789414228,0.17038803365990185
87,0.1611257579398408,0.16900356051883905,0.17165148377266348,0.17349050963995538,0.1652345148875234,0.16671447160984765,0.16891554243712506,0.16568072704915365,0.17515190752176632,0.16534329394363892,0.16600952011927753,0.16879534377443542,0.17181696293589996,0.16575402102976278,0.16102099163259487,0.17569799590364116,0.1728334116910942,0.15936443167054717,0.1671417436174467,0.16638546004023078,0.16646108283442895,0.1757927436242537,0.16863960415530674,0.17261702124593878,0.1694569143434687,0.16696506437678776,0.16486247121581785,0.16869341238658644,0.16785025487148936,0.169250656128226,0.16805206389504923,0.1588893172572111,0.1659823127962113,0.16791294427779804,0.17080214075897696,0.17301135130984738,0.1680761697492748,0.17045175210448454,0.16422600982733593,0.17379404599232715,0.16497941956270218,0.16418688207780957,0.16359061057578303,0.17115786006882752,0.1696530048909697,0.16733318987533247,0.17045430484162455,0.16748582247816782,0.16676262758003926,0.16704303581770186,0.16803131485310135,0.16581109397137492,0.17454086983351869,0.16106813647085555,0.17045366665733955
86,0.16504994593502217,0.17112391662068893,0.1671521369387666,0.1747480396291328,0.15891133410953018,0.1593093692600418,0.16750481163572986,0.16604137453734033,0.1641938623990649,0.16125540198628743,0.16294305905540504,0.16957140639122015,0.16361374259749872,0.16841541234224194,0.16560923372617592,0.1644995172624955,0.1653570585374709,0.17005645937201988,0.16682459396914212,0.1626949670911969,0.1713603735893071,0.1679323907895557,0.1661314479714219,0.16932109166864284,0.16726231502229497,0.168844856400144,0.17097538778228322,0.16359320083936013,0.16613425064133405,0.1698656788379319,0.16222045736868188,0.1703680394326862,0.1682034494296257,0.17181656957120586,0.16574297654427658,0.16615989922712857,0.18023915979560992,0.17373231958304103,0.16605637012324823,0.16612011545320873,0.1654244391463806,0.17114113539212408,0.15825360251095474,0.17136175623366517,0.1674147840980998,0.1629246910221003,0.16793577706776075,0.16358615590910386,0.1695041918846376,0.17292031939114255,0.1671484569224686,0.16463712443062717,0.1733669194966867,0.16018508398685233,0.16979211072625397
85,0.16442270982839802,0.16981394897108198,0.16598788482167018,0.16575582284137927,0.16961151327715226,0.16309750891877695,0.17481111489533235,0.15864213163926438,0.16255557613268878,0.16287094497527874,0.17133613736700373,0.16614287891723534,0.16554155905217932,0.17281970630573218,0.1619555626106241,0.16436351514207515,0.16178039943090153,0.16699158169418385,0.17004301084577775,0.16653009314625514,0.16548797725118874,0.17183334681011164,0.1642876713943058,0.17470648833469138,0.1735359560153675,0.16501905107855705,0.167729283382372,0.17024612963750294,0.16415469837963667,0.16652661896325077,0.17326231237464126,0.17365151796566689,0.16470456037381312,0.16752861016351836,0.1665059493337444,0.1614175630017396,0.16102766188481152,0.1724159905805197,0.1719956744159817,0.1672454732511792,0.16953745020837444,0.16627377107790112,0.169325258741041,0.1670938704732289,0.1729011262429944,0.17041347391001607,0.1716832592314187,0.16154962199905878,0.1700477088030243,0.17355948037410754,0.16761482312933512,0.16449317246475179,0.17361010104946517,0.16147698955053322,0.17110547150275682
84,0.16930838122771383,0.17045739366183507,0.1649022462926676,0.16571589932975572,0.1615531301354629,0.17136159527484285,0.163545258193588,0.1614792163225098,0.1695698862901103,0.16489172184004056,0.16516945164514446,0.17202662026210216,0.15785778447046145,0.1648985911852531,0.1631009045845014,0.16698309688504764,0.15776656385993937,0.16867179010767708,0.16702324136628657,0.17321008930525839,0.16239147225714168,0.16258199415795407,0.17236302006914803,0.17193499050542696,0.17329034655588424,0.16145210630159265,0.16283001165814157,0.15785069678033814,0.1688903274006897,0.16597775358764927,0.16411203691628315,0.175640155276937,0.1598403798414747,0.16203011264601933,0.17392622564793353,0.17326750390688903,0.1741340514367223,0.17635887786131513,0.1651550465626161,0.1624186287771671,0.1717616658942183,0.16672657321872877,0.16217144693699964,0.16744876498277383,0.17067794211810552,0.16316372059892148,0.17833965193630594,0.1729148416577182,0.1687256169577131,0.16888781059408453,0.16713513270566183,0.16289773488973153,0.17496240854884038,0.1587499523874174,0.17166164823937444
83,0.16700000698869752,0.17363608389612697,0.1564953789352548,0.16077786919942835,0.1670023958951931,0.16102842999136438,0.1652519655028715,0.16864623220388822,0.16478133200625064,0.1623838703910893,0.1768799742930833,0.17658304890777884,0.16989172323485563,0.1620854309197275,0.1698924775338989,0.15887765625813052,0.16232145023729516,0.17155822984804897,0.16917600238740862,0.1656600330930143,0.16610347780053436,0.17950686827066856,0.1707016720448051,0.1660337751246671,0.1676075037301847,0.16712302214214914,0.16643612026567683,0.16799928722047736,0.16117740971715103,0.17342626480862916,0.1629336363238923,0.17000912562419704,0.17053322292642467,0.1654057373117139,0.1606983813311056,0.17108999746883236,0.15895591772378498,0.1688996136106671,0.17207062330188863,0.1744417280700148,0.16562407648443472,0.16156628986092084,0.17857409587421444,0.15517402334964298,0.17513438420788532,0.17248872063438003,0.16991640885575368,0.1666074121983978,0.17389729922265948,0.16703697233277728,0.16754205319123872,0.16339556024448187,0.1767463578696963,0.15891287391767503,0.17099291611282555
82,0.16823644058492868,0.16737627683520995,0.16361912418226401,0.16778613876131535,0.171255048651261,0.16552770602505684,0.16339757876741934,0.16372690715772964,0.16236198164492607,0.16438973515863908,0.16145130162643664,0.17063758669882742,0.16430343427388816,0.17192400842262762,0.1633479988516655,0.16788433824608628,0.16912525167232265,0.15902729152227374,0.1591459310294087,0.15342323160917784,0.1581016445277316,0.17971469810722332,0.17256297346429042,0.17230409877594063,0.16408432995569625,0.1706423706438592,0.16705946249811146,0.16836934957188965,0.1688287421680042,0.17927286401382855,0.17239160754484265,0.1690048720082416,0.16837086397563902,0.16553903291944794,0.16292129119672125,0.1662878596803729,0.16181618510318843,0.1577135125940269,0.1603811470921619,0.16534096699860212,0.16180007446266811,0.1664368249203602,0.16234245080639256,0.17556788347642588,0.16879924912903085,0.15933609108623137,0.1690048726331451,0.16916252803524245,0.16624556777433283,0.16118537903871333,0.1661707221184766,0.16250180903287487,0.1742156739709649,0.15851818567527556,0.16900487247691923
81,0.16027932919496396,0.17471472841134364,0.16140284745778652,0.16082760804426244,0.17233062509294886,0.16810909062813692,0.16567726908801125,0.17546728487836388,0.16999437170597523,0.17286653397086504,0.17015132948775816,0.15979011491542525,0.1710108671631315,0.1558493329962332,0.16110053997793647,0.16768077709304396,0.16247792121029767,0.16925675413354463,0.16068203032473805,0.17111864342703528,0.16709445040118623,0.1630935578364419,0.16522438551773522,0.16430560275615172,0.17281714576706578,0.17023504375403484,0.1612428132403338,0.16594629839266037,0.16526109471173592,0.16501215809736242,0.1690559695988695,0.1566993477633299,0.16290532078342124,0.172549057766775,0.17642085559175735,0.1652664044610714,0.16909883624402847,0.17025987017469132,0.16426159964112946,0.1651270887705101,0.17015551470523174,0.163016484230344,0.16828960009217458,0.16063378860483632,0.1775137175814715,0.16359328803559456,0.1770312773727598,0.17041409408177532,0.17418210832960543,0.17402650113309162,0.16723042549277958,0.16303575263186848,0.1759917487707303,0.16001026134121768,0.17086167389279244
80,0.16687044344760898,0.17164603936408623,0.16777584277843394,0.17267756626238798,0.17077276423706256,0.1671021777617271,0.16698179520430237,0.17352908994615032,0.16614128638856387,0.1828625908290664,0.17545990895321698,0.16372456528250207,0.16760172634043127,0.17110422341450238,0.17017875109514838,0.16656838951745018,0.17597733610441949,0.17635861299252367,0.16832670137433606,0.17480158722644146,0.16732875903753386,0.1750846837279473,0.16997758264767912,0.16786384786198386,0.1623410128534319,0.16703508128328862,0.17224396468960745,0.17470506809681696,0.17030777633645625,0.16718599915870858,0.16118952225396255,0.1719019725407091,0.16913081017417997,0.16865242117869686,0.17079523439054015,0.16613718201980393,0.1685016747046557,0.1656718416823957,0.16482926000999473,0.17363647598534623,0.17056835364424394,0.173712100704489,0.1640836725790544,0.17349980114583644,0.1706312247702712,0.15505046557788552,0.1606006210200698,0.17317098749511042,0.1765597988109556,0.16649392505911564,0.1695070503992227,0.16689828138678234,0.17618703839287678,0.16170769302372376,0.1730476321869298
79,0.16601776326501314,0.15584996935991385,0.16108218964868393,0.16463440999245219,0.17420295150121762,0.16560743866687758,0.16526341552347643,0.16667150137797399,0.1692582412501737,0.17591463068604307,0.17212639920706294,0.16906570875202237,0.17537335120552186,0.16447732489317693,0.16540941098315629,0.17750408294779366,0.16811205410584193,0.1734204981429481,0.1690124482768988,0.16681729603831033,0.16608333964896674,0.1734223234017481,0.1553847225986251,0.16558878447167608,0.15888326286202742,0.1699334067392928,0.162343355359014,0.16728972916269988,0.17375877300783774,0.16701796377106648,0.1669303555931888,0.15822568178699925,0.1700442599391779,0.1707785154377717,0.16171169831314872,0.17169155170749617,0.16939413761262245,0.16202050635865384,0.17273207291436127,0.1642558065183349,0.17961148062897636,0.1763007986562565,0.17792698980034385,0.16161919166590072,0.1676217368035872,0.16560370481999107,0.16095464718744054,0.1631363413381591,0.1696994081537297,0.16231358410244923,0.16756198432372202,0.16431118611204543,0.17696260501660194,0.15852159327076193,0.17146329264006505
78,0.1662939163411009,0.16226808235563633,0.17331766475338417,0.16835755469192437,0.16335628973156052,0.17064825256586072,0.16811222868621578,0.17757343235949577,0.16924488046560043,0.1721916317452894,0.16934538977714209,0.15763192304252774,0.17492348965529672,0.16578928378653643,0.17141464259868774,0.16745008429823902,0.17840808478112016,0.1660516159903261,0.16717113658177107,0.16546271878998928,0.1605644579768941,0.17140520671796053,0.1702784477536283,0.15474993255790212,0.16302709267477938,0.17316471149001417,0.16974276201475835,0.15823587895914198,0.15843994392632307,0.1664200702917538,0.1742527754437687,0.171015181064105,0.16860892247355283,0.1730048910320852,0.17148618286986855,0.17492834576650163,0.16567037711440633,0.16183602355374682,0.17323102073708357,0.17003981468962862,0.16792117844769006,0.16712543920910974,0.17783173206250338,0.16535548430724017,0.17180872437573566,0.15903812536601142,0.16872400960037523,0.16205233863248342,0.16923212092989218,0.17013419797885784,0.16808675386031013,0.16551463337109354,0.1763831433926484,0.15832770819437347,0.17146829780207334
77,0.16306885392315204,0.17557981365054848,0.1760780315215733,0.1711827051971645,0.1580888269237998,0.17633879627507587,0.17538237374873006,0.17552090777290585,0.17855070176962426,0.16618517436657343,0.1696928560775959,0.16576523596445938,0.16453092241283832,0.16214337031698012,0.16730915210920577,0.174866631392251,0.16077391217079615,0.16789480280427785,0.17930775242548333,0.17130883580847545,0.1752084143873127,0.17108841754575912,0.16451164397291418,0.17374504021044684,0.17313245286872178,0.16844087928148413,0.17304777085567677,0.16005871316827597,0.1695101010901638,0.1777051007519963,0.16686050509862962,0.1645836761503183,0.1627645358418755,0.17212337329348,0.18004154742660602,0.1740120592243181,0.17003623787363217,0.1635842886538247,0.1635730566855033,0.1736137296073338,0.17295823969810917,0.1668543533189671,0.1738791924287904,0.17138130762559403,0.1515939937351745,0.17339348754897552,0.16178836553255022,0.1643481649114972,0.17234275001502086,0.16400306303747225,0.16939508236943865,0.1645164635828952,0.17817018131169168,0.16038055271941004,0.17384565437420452
76,0.16591680626105854,0.17148295224316656,0.17405411429319917,0.1716744923439358,0.17040820408006943,0.16244838340341794,0.16167126992437655,0.15522656243530036,0.16104098390549643,0.16913179707062068,0.17530971128094266,0.1685312563198538,0.1786655199800869,0.16345698451242588,0.16231431804415086,0.17396951880891787,0.1728453527060171,0.17911545540675916,0.1626090895549108,0.16504414280200752,0.16614501427583206,0.15533708046605663,0.1656078539197091,0.16103832976067384,0.16624655636021987,0.17453533526610351,0.16774421383733648,0.1642215723490654,0.16663822371927223,0.1663750258831015,0.1699827205595475,0.16562499341331632,0.1721451958192177,0.1760278271564141,0.16465432599344954,0.17816112513435825,0.16549198981225174,0.1670745840061413,0.16926297462530576,0.1677863219928489,0.16413277980747795,0.17265406284789364,0.16890891082243792,0.1644861225754747,0.1719890581658584,0.16953890826196447,0.16371446893912378,0.17176165219241776,0.1729220906731597,0.1747093260582803,0.16819671120142046,0.16452817342996842,0.1772011410442834,0.161039524125844,0.17210616140587787
75,0.16707284283280083,0.17012388267840944,0.16262461532922287,0.16642177697663318,0.1615462407846232,0.16756934949405347,0.1646363802188148,0.16749806496145897,0.16764381193487207,0.16134457142918418,0.16600532392061523,0.17884301836880925,0.17402796573647275,0.1706202272709783,0.15481351537970867,0.16734819844073268,0.168490788165424,0.17873781511868267,0.16797854721097674,0.17070817369119776,0.18073377807820443,0.1644981678366461,0.17636347856845233,0.16964679262789892,0.16590632872839922,0.1715006026805111,0.1630341031358909,0.16782825140394791,0.17159873122359434,0.1747844831433313,0.16536969629442097,0.17358089522031375,0.1680214023468095,0.15647432201178343,0.1768389212252359,0.17088664161522782,0.16710294952362678,0.16695309320343188,0.1612991000410168,0.1613636562342747,0.17102655180230544,0.1661970588657922,0.17312485842289094,0.17000289881903613,0.16414095550422741,0.17398569756436563,0.1721281946658366,0.16455685792431846,0.16405917345951207,0.1727644307450568,0.16839654365720058,0.16481970923771633,0.17788331286663162,0.16131956216569213,0.17157419908782354
74,0.16474616386626068,0.1737193622730537,0.1644456274797497,0.16496330882319712,0.17716622114019898,0.16908741161163254,0.17095857860073554,0.16684147718893375,0.1702551462606829,0.18015244953965265,0.15630213502123166,0.15995494499057877,0.15713169898349108,0.17687758548504606,0.16638462521697062,0.16224211860552795,0.16473522997185086,0.17620602980999367,0.16968251797599765,0.17461766123848296,0.16653847115369952,0.16273930802586123,0.17089810010293008,0.17207423188179893,0.16204156350753865,0.1757553156423627,0.1661358241589039,0.16613330990919797,0.17210322605733178,0.17832808506178346,0.1708732013586259,0.15891722387218854,0.17147620299081695,0.17596949828234673,0.16613990078148055,0.17801744483670837,0.17166197224220378,0.17022634272802104,0.16749448868060027,0.16707330639809848,0.1629201649451558,0.16224373714134718,0.16851997367309224,0.16635485454535393,0.1704365474953276,0.1671439017935051,0.1674583066127036,0.1660979925971316,0.1704771536650207,0.17280549348649796,0.1686305087542181,0.16524697976668073,0.17763439417327914,0.15938419837546414,0.17197116697190015
73,0.17316903889506335,0.16049501589928686,0.1753798517789881,0.17222831661026747,0.17036821230791624,0.16996709721840675,0.1748609330893887,0.16752245425213613,0.17003921463820448,0.16560503788179118,0.1597887721557075,0.1687139158491501,0.16945309060423666,0.17411697539775522,0.16727583856259612,0.16230038137775415,0.16972196278387158,0.15794628697534407,0.17064087644411224,0.17108658804007357,0.16660156868508783,0.16243960083644676,0.169080837338053,0.17410774309768884,0.16562259760412,0.16804304007604298,0.1718407887474095,0.16837601410576422,0.1717638108141387,0.16923746257900585,0.1679070433420337,0.15855927109222775,0.16293011471696978,0.16914252637477237,0.1669709073519316,0.1643852385879887,0.17377885149102898,0.16470979038874953,0.1670429055087926,0.16185503038527344,0.177440963588186,0.16152277376888152,0.17491812285160366,0.17502858119527898,0.16108157197393289,0.17361541046271647,0.1688364598001827,0.1700176258949344,0.16006193161687024,0.17086575404201712,0.16816928398160352,0.16493360226200993,0.17497887494062508,0.15991169391323073,0.1715945051206224
72,0.17022979114674847,0.15724886417430498,0.16675660437768483,0.16729790720358048,0.16898388910257656,0.16890123624214579,0.1670281470708472,0.1664065206817728,0.16557437129846087,0.15633781005719,0.16860083406175133,0.1638820258397601,0.16938067961823994,0.16846019400291493,0.1748748054129325,0.166618294923242,0.15815386450039448,0.17090793123118334,0.17239262824620044,0.16854131798889324,0.1639400325924573,0.17834696426537786,0.16309821744505007,0.16701786946354863,0.1669347609514382,0.15978113675698666,0.17351007185442194,0.15829178211873407,0.17535739715441784,0.17000781963609807,0.17861559721911457,0.16793942835375444,0.1724533778491125,0.17134219440525658,0.1627287773229654,0.1638342474701233,0.17322905356879514,0.17232479294037442,0.15448118107463396,0.15558301136142907,0.17104523518085238,0.16615705872171907,0.1751179288892889,0.1678585155504816,0.1748171926832695,0.17916756325828276,0.163536165969453,0.16165069824696043,0.16610862294446002,0.16417801617412514,0.1675006485720761,0.1638965275279344,0.17700165906544585,0.15674778440989173,0.17126795459915553
71,0.1652076742386374,0.16792614069193768,0.1734376140570742,0.16683122545436627,0.16501065513703184,0.17610879989850933,0.16779656247619507,0.16833285270917997,0.16397308963671134,0.17507843476987983,0.1792713546742363,0.1656660281449096,0.1696988706500694,0.15781808951742007,0.17280044430020558,0.1587856880545744,0.16632271589460304,0.17250783842259418,0.1796738825523998,0.17560097435311275,0.1652791384164159,0.15842534998650434,0.1649359107510879,0.1752897759390345,0.17935352903147916,0.16376132066150564,0.16983012827846022,0.16955246837646454,0.16443875207366457,0.1610431013123661,0.17425693200388787,0.1746455574497888,0.1611549859634692,0.16695020573217773,0.16847548785915534,0.16656687852574736,0.17689363716189022,0.16818194860992444,0.16654610142360893,0.1706318445286221,0.17039273749963718,0.16645993987045601,0.16757967280588057,0.1777219574925479,0.1879381222580466,0.16521148803288133,0.1519374691188502,0.17023966812034544,0.1574565358112149,0.17189486979581514,0.16881788901049152,0.16520862768719838,0.17931655057071988,0.158091356728508,0.17327832161785706
70,0.1784604186004734,0.16524642613073554,0.16833558542225574,0.1676491124243829,0.17034186925060374,0.16839785455841355,0.16975516823528453,0.178330807701796,0.16829163830016566,0.1726741995232102,0.1864173099614004,0.1705374167377679,0.16777754113300955,0.1666927453547674,0.1675347512794315,0.18329552651725037,0.1698360687267167,0.17126452628391597,0.16680663004539448,0.1638063693367411,0.16139139102058778,0.16766022010580536,0.16690753128589025,0.17224671567082675,0.16758534712925097,0.17045547335288935,0.18153639429261328,0.16945188196679425,0.18216627292940843,0.16580276784291206,0.16406406860674208,0.1690794588650353,0.17049292956758014,0.16469795170530088,0.17357681905490988,0.1728756627050978,0.1757409519601247,0.16420400986189038,0.172247116685407,0.15979411455120923,0.17000030397951663,0.17596144045843312,0.1745701942223111,0.17256264204735458,0.16712724421897648,0.15828825199001173,0.1708339238477096,0.1686242790309969,0.16405095162983027,0.17447816604758676,0.17019852884313444,0.1669624595191618,0.18188282754285062,0.16247813126285676,0.1726463101542463
69,0.16422588246832964,0.1716660336795605,0.17223702988968256,0.16382693959666375,0.17339005700496377,0.18102546627347965,0.1693239089708434,0.16901346316789617,0.17612941642608576,0.1632129032170267,0.1678430290183804,0.16235803447394137,0.16923026709473685,0.17401421009356063,0.1697418631424836,0.17379298533533066,0.17578027944411304,0.16228976972828074,0.17075266584111423,0.1633303269168282,0.17030967845174583,0.16976005057387064,0.17141637112724256,0.17666003180319576,0.1672276433824193,0.17375952194916122,0.17178599571420666,0.171462765995869,0.17544729947883342,0.17136475342230328,0.17045928983795305,0.17172711429014736,0.17084667648931334,0.1602303183103604,0.1752596489921724,0.173169116465935,0.17581989776187595,0.16889562163113173,0.16795097396623587,0.16379206608169153,0.1646228439832039,0.16933689246157532,0.16876473804030598,0.16911328771045187,0.1674713443581317,0.16941074086170024,0.16340592846494803,0.1710495412561693,0.1649925329049164,0.17305851847361634,0.1698351147204797,0.1675642655231939,0.17599013302719135,0.16274272540832976,0.17285314632763288
68,0.15807404872990866,0.16893590049866905,0.16142408042483106,0.17234374938992544,0.16388311195075006,0.1650482995051872,0.16235962734737208,0.1670454655144279,0.16268293109289655,0.17271752094319404,0.1672603968274366,0.166664858600275,0.16944263252271632,0.1684946721017284,0.1813618215904276,0.16519404685978803,0.1647642932221354,0.16775179492888595,0.1793563710895593,0.17202830052072968,0.16430472874116628,0.16755857320084752,0.185775048773901,0.1689312868864474,0.16752688258338536,0.17104271316300987,0.16262346250909723,0.16390476584249386,0.1697953640941018,0.16030645669526988,0.1862059846008335,0.1672378220938087,0.16107765491050624,0.17355721023639992,0.17089249178113305,0.1640939585803379,0.1745143009945094,0.17982003339285138,0.17088788607779087,0.16993568121050745,0.16463585200069034,0.1687695849067621,0.1656875432703063,0.1587016996936773,0.15995922203278373,0.16835666590654447,0.17151367280990684,0.16040789683402196,0.16900593433246677,0.16542197925440644,0.16818572562141618,0.164146651120545,0.1806680169015183,0.1601154776309025,0.17089134035529752
67,0.17078934052358943,0.1730206525543745,0.15478584642402105,0.1660085611086635,0.17184016010430783,0.16355300826669153,0.15703808845206413,0.168799781620509,0.17309579737051517,0.17047441475125968,0.170041107910769,0.17099076837427987,0.1632049363212686,0.1724722046379348,0.16875678430423965,0.1736038287337134,0.17455654900350348,0.1710019288452636,0.1613395318201051,0.1654652875513075,0.173177923178396,0.1638007592661811,0.16732720536088624,0.1704937261124438,0.16274348483170925,0.16773546711262813,0.15748038570371992,0.17020313411858165,0.16260658486683743,0.16969349763247327,0.19010846282514732,0.17362621106420179,0.16359047515862213,0.1521107385889809,0.16230141850101554,0.17426701318102958,0.16532577889715822,0.16970234998372094,0.16168252922854182,0.17081218592761202,0.16577408571853744,0.16803023057239147,0.1767119870239704,0.1733598288342008,0.17013538134110862,0.1792991208700502,0.16219561225260867,0.17278636138581316,0.16979116584457096,0.16283522468188613,0.16821093817486812,0.1635623749896742,0.17574203991476028,0.15723712221530922,0.17231419350452806
66,0.1579122193521389,0.17274500294735012,0.1618413798344909,0.16760423257527324,0.17185306179773724,0.17266012413068396,0.1647524753524145,0.1695892887086719,0.1697936629286345,0.160206215488584,0.152105036606353,0.16904373702253853,0.16393386325524698,0.16785326421001273,0.16011139978584218,0.171113736906735,0.16358255113690612,0.16490424542541934,0.17378678434946432,0.15956193805140423,0.1760488343183721,0.16644610535358978,0.18152803770219827,0.17455163755186776,0.17675314330717184,0.15830777689669775,0.17344026000961268,0.1604888492261322,0.16714286758237878,0.17172584238801805,0.173144770869904,0.15666808438688376,0.16502101201381955,0.16085207721686268,0.15574012079748892,0.1747612234414244,0.1810114134560321,0.17450489611356365,0.15571372517282805,0.17390296150421117,0.17429454387929422,0.18449800546948414,0.1752357694997412,0.16503009825552747,0.17803020340441822,0.17557857656957512,0.1755832159952987,0.17006585705066343,0.16647514087055468,0.17105847273305794,0.16857115485805146,0.16367037916649133,0.17966986893280584,0.1561577044127166,0.17419664828552345
65,0.1620087685320067,0.1746995219195819,0.16425553328237338,0.1728327546523135,0.1738071152755999,0.16089163029770795,0.1688844034702274,0.16486553839395152,0.17154939591248705,0.1767661617467297,0.16781570278847419,0.1714813948581361,0.1613826201697558,0.17941877237754839,0.16465256458141087,0.16116740885116296,0.18496540164013706,0.16776428993840956,0.16331378506099506,0.16453578554196552,0.1652706507685195,0.16486035437440946,0.15744560777621264,0.17274673039514662,0.1643469208739106,0.16359190067101625,0.16870574405580283,0.17323265260985848,0.17759621422767327,0.16580422139515733,0.16710808185868745,0.17627590329391393,0.17350203173232612,0.1570819248635436,0.16709094480749787,0.17935068964761927,0.16507346294603886,0.1814342628386338,0.1680324632222698,0.1757283797614139,0.17383226785588998,0.16859313677437596,0.16901265394604123,0.1644676518103444,0.1732128021801724,0.16701760031712096,0.17207838105641168,0.16338037639436975,0.16920000011844982,0.1751745318174207,0.16914614187362442,0.16456498030182687,0.17938813514908028,0.1610157306467627,0.17343468695170922
64,0.17465693480737263,0.16991327636879944,0.1613354921315883,0.16659186963363476,0.17023090995184392,0.17389578465642186,0.17057153813074066,0.17372339897011482,0.16883176495420155,0.16757174975879607,0.16415680269647664,0.17479699595096554,0.1651616876543572,0.16395920098191485,0.16598157168889272,0.16716990588038005,0.18395246568210066,0.1728235902788536,0.1754921950867588,0.1641471599921471,0.17214995816526432,0.16899427711502854,0.1767869317246362,0.17753930295975298,0.16335244984814498,0.15048438662509758,0.17267233949041916,0.15229855889850683,0.16540167875765535,0.14610902900572947,0.170493284993077,0.18071225078474118,0.17269507672954143,0.1663568119790559,0.1730257538995555,0.1720842834203956,0.1685543757184282,0.1693336131432954,0.17308957663817492,0.16784630146803717,0.1597764426746168,0.1697029252420241,0.17150730001587008,0.17625544948824157,0.18046249815160706,0.17100864113827582,0.16929212887606254,0.17498680886030493,0.16416998298055507,0.16917175709506402,0.16922556942287037,0.16607538176143352,0.17914706031527272,0.15566360659775633,0.17307362095352008
63,0.17078231830606974,0.16078833896294592,0.16231686179250474,0.16102256979250923,0.15871624186892228,0.16825331900578477,0.17563258050029878,0.1727300360760634,0.16354000418513298,0.17675423792160272,0.16764419571079697,0.1707666820434476,0.16619475368738895,0.16954828464320115,0.16590465909691862,0.1694698872967657,0.17441896348680164,0.1678792937989394,0.17300336820731782,0.17446883007686403,0.17820609247388133,0.17201743926075713,0.16980743723834615,0.16915102120150588,0.15856051345827793,0.1724277056923709,0.16892683491060823,0.17760707114520266,0.16490833980135527,0.17148951488163802,0.16420615628105248,0.15745190206993642,0.17061180743270354,0.1668939770130101,0.1722076602453025,0.17798613828841753,0.17879444853854434,0.16688584978619753,0.17786422587897743,0.16863405340257798,0.16514018598685007,0.1638773176813629,0.16632524692709064,0.15783184389559038,0.17658011204615484,0.16741923770235012,0.18543449977176377,0.17440812466115116,0.16459122305892865,0.17150480311557062,0.16935172420615507,0.1653313042643672,0.17810711309042263,0.1586305912430679,0.1729350351745042
62,0.1671374989206992,0.16513276318450257,0.16169736221133219,0.17296225185507969,0.17358345251860552,0.17567878428144598,0.18327915522503432,0.16557194303049183,0.16446435602796125,0.1784052598084544,0.16784225405994088,0.1524493737324394,0.17531695808551664,0.1636157205946218,0.18034949306202736,0.16353679159132858,0.16743536518707097,0.1722128681135406,0.16061229020098094,0.1677295947133168,0.16109843210753083,0.16900120456965945,0.1709330632981929,0.16999194202368495,0.15368530650886825,0.17270097993067832,0.1722628902484497,0.1716254458812741,0.1757648840142145,0.15571894141035325,0.1625327463291868,0.17592003836014367,0.1687322032301473,0.171129956700287,0.17106360355319475,0.1697523112216811,0.17617023141770002,0.1561207646334305,0.16886530597543603,0.16366183333232262,0.17160963452092806,0.16765820406946116,0.1735803177676274,0.1658639940737168,0.1760757479401885,0.16488713943627376,0.16417702094703382,0.1735827687742621,0.17708003875652203,0.18385893737318307,0.16908238849620053,0.16457005188003937,0.17947458809791952,0.155899761860738,0.1735821560226034
61,0.17754185046288792,0.17037515684737656,0.15878097382896406,0.16075823087955252,0.1715912644221883,0.16345638959109157,0.178770149951692,0.16890616315166185,0.16115214526457639,0.17373277198226192,0.1588642362559724,0.16121223073834143,0.16616281579711997,0.1634865096963675,0.17316596167347026,0.17023970233758537,0.17135935684582998,0.16967797290617595,0.1662637859415842,0.1675518399142474,0.1681447968137563,0.17213615713906613,0.17625834205770308,0.15728005191461242,0.15804111692137526,0.16876815100961476,0.1672389135816359,0.1769868662025122,0.1624493301785265,0.1573238590628603,0.1798481376574205,0.1745026920158368,0.1634232839593921,0.16653931057582058,0.16193999033254156,0.17561559069666335,0.18089827794674018,0.1653807742261398,0.16174350264586623,0.16911052089186465,0.16570061156787938,0.17352111052605623,0.16742560694702016,0.17474688311754966,0.158955791762623,0.17161138317786154,0.16974102242110128,0.18616463725842455,0.17925713276536812,0.16621643249325302,0.16860039572712066,0.16343156036731696,0.1795821854559969,0.15837405252979023,0.17343232331290975
60,0.16965746933280978,0.16401351004892922,0.16926426231292147,0.1778338243437761,0.183824024036018,0.1701060450734344,0.16902450663770568,0.15923823581666544,0.16582399955025026,0.17631786939720512,0.17471113488043652,0.16051667144647283,0.1771068073683058,0.16727023751342088,0.17172593460968105,0.1656713447731937,0.1773061095264795,0.17154550345613095,0.16600615062684526,0.16429044903821005,0.16070700568533164,0.16803266535944736,0.18311282445214377,0.1713437100055945,0.1662477195223998,0.17419401152787484,0.16555041069242799,0.16015007522937788,0.17231493906173423,0.1696440594783284,0.1715218585773223,0.16981404698623184,0.17710263816177552,0.15962469509471122,0.1644731884766064,0.16090026475071945,0.16164818727405503,0.1678162741768446,0.16897507907487988,0.17120897923810502,0.18339203081695407,0.16308169397117328,0.16192767337305425,0.18272709355732805,0.17233252971081559,0.17602630147937853,0.1655834825601062,0.1777934160713424,0.1618285267038526,0.17293395027168273,0.16966526842260982,0.1647424940305618,0.1829392455494767,0.1603150435270706,0.1738789962138268
59,0.16253520329476187,0.17315691778615774,0.17422356776140552,0.16631636532678107,0.16094401865450367,0.17357014146655675,0.17319929264667475,0.1620898794507173,0.15901621774354305,0.16044992988170376,0.16824929708386704,0.17450098067643696,0.18240782276048223,0.16641361503848254,0.18873959758782766,0.16972681370166035,0.17609353937629849,0.16399030036916454,0.17750702398595777,0.15776353287541128,0.15758240449137417,0.1815169963851343,0.17036646878703207,0.15657005505312122,0.1568869979304648,0.16947588222629636,0.18319369843421357,0.16973584982809328,0.1778749212933767,0.1575132660607231,0.1673528893034342,0.1753723927828805,0.16524260318439804,0.16537122881229466,0.16499154929204726,0.17451566088586706,0.17006137574901417,0.1611696582043575,0.16817133420444005,0.16918159038307146,0.1689086892236681,0.16438479490731153,0.1672410797643502,0.16264640855011733,0.16636985148271202,0.17029969439454115,0.17655291053578673,0.17555106687680552,0.17173157974636113,0.17643987185040425,0.16906333656184178,0.1640889240037013,0.18200695089157565,0.1575443783545161,0.1744316274476791
58,0.19035811813724512,0.1622744358023537,0.16364536369874033,0.17763757775609512,0.16187274397359125,0.17456758437805542,0.16739182677248926,0.17136901824668732,0.18970592588383597,0.1821027475567695,0.17712760438145067,0.17677609147543744,0.17222510080848696,0.16942343008619365,0.1771647024987676,0.1830273133141218,0.17334477322166555,0.17003559621480724,0.16656312404339033,0.16492714726081822,0.16481044422369331,0.17884240950805624,0.16469128726367263,0.1591443495706474,0.1779251293568715,0.16477455524011902,0.17753079925506363,0.1733402292135203,0.17623640805401156,0.16830355534356278,0.16876455813141683,0.1586443539188567,0.17851416461931638,0.1651501979717594,0.1745692418648732,0.16628099443176403,0.1651558531669355,0.17219936776965694,0.15627058094582946,0.16572806561825046,0.16691021186094637,0.17213040716128408,0.15684471510704037,0.18379037951415703,0.18521064395765757,0.1680742811784402,0.17498632227782265,0.15892687180913703,0.16192622800694292,0.16875729934941394,0.17091948262403447,0.16498290993855352,0.18457152495808232,0.15877148696948284,0.17703972615494737
57,0.16112482434528355,0.16751649788258613,0.17691064406310375,0.16987850684329678,0.1548763392558842,0.1570780213608747,0.17890876711738776,0.16206599650050715,0.176854065189409,0.1712313587156605,0.1663004463338905,0.16099909929409675,0.17049538176552154,0.16880988833358299,0.16760713709479408,0.1722133928281565,0.16941021966587522,0.1831788389601644,0.18460879635186528,0.17917588193303643,0.17445297179117697,0.17593135021676157,0.18091538556825293,0.178511304689244,0.17304154265057678,0.16863566039392022,0.1678749127642449,0.16939438410544042,0.171640172947775,0.17360107452786347,0.17626711184272548,0.17258340860297727,0.15891513127525086,0.15975841416862535,0.176223348560418,0.1726323143178608,0.1770014752459862,0.1693863666432818,0.16768353485232465,0.1675658331654515,0.15895287043336287,0.1737602792616897,0.15666153449857406,0.17378085329045762,0.17859664450110846,0.1802649111211018,0.17475665566136847,0.16085993058257053,0.1765003568388508,0.16105922752492774,0.170529061317583,0.16752883170330246,0.18062267206703492,0.15790472082234397,0.1762561710221486
56,0.16841252598037426,0.16576148814683256,0.17306337595299398,0.17953189190435562,0.17049189450657323,0.175630355939331,0.15621339018275646,0.1708470577739844,0.17579397748456696,0.172228156840547,0.16474247331556613,0.17062384849334217,0.1741454578045723,0.18437341655354855,0.16960627783414303,0.17202686144421075,0.1617143259168297,0.1565659990365233,0.17613326858144546,0.17926897420612573,0.1595870967764469,0.1678154950552124,0.17026745219664824,0.1746614951264766,0.1726667657935844,0.16313772970495752,0.17220656188884842,0.16753320337817146,0.18033661671875376,0.18237951261150837,0.16132845993439787,0.1689328008577508,0.16272607228305705,0.17352703836887526,0.16758008826341336,0.1649251201045141,0.16544499577965335,0.168004782992248,0.1715831621425231,0.16457238722943807,0.15975177921328287,0.1685839691117728,0.16923863118249988,0.18006046189055638,0.16930566147492213,0.17362127051727963,0.16995255474080748,0.16777039160202195,0.17299721315141323,0.16083185568924385,0.16977011287357807,0.16552411887144816,0.18021234704606492,0.15966120387302307,0.17341112276490495
55,0.15978008212929795,0.15987062224201773,0.15865969564460725,0.16332762175422072,0.17997216103669977,0.1699484096205358,0.1743032683273364,0.17410380681742818,0.1697038173268437,0.1687731281607775,0.165708820679472,0.17501291714544656,0.17078536363387517,0.17712782039693592,0.1572511418734139,0.15409676583616758,0.17047013514713236,0.1562564604995249,0.168770231550619,0.16811859635946166,0.16517240976909678,0.1746319528757915,0.17995204076753452,0.17134705307244963,0.16921409696946352,0.18365934198475814,0.1661725054458934,0.15857912186165082,0.16191033897930215,0.17132462747500463,0.15997910892071512,0.17235717042897067,0.17159422871819785,0.15551936754996357,0.16831668874017827,0.1634257101040817,0.16776464417785608,0.1725829501957264,0.1710653520379611,0.16443296904365873,0.16880883745630001,0.17813029821369256,0.17899008391682153,0.16311208281034548,0.16669758353209638,0.16976947133303694,0.16177570997227408,0.18467998637416924,0.17395988417554534,0.1680232409443711,0.16849979448057442,0.16335214384168595,0.1799631069155754,0.15670406711777496,0.17252650525403745
54,0.17588021916745547,0.17464368205071756,0.18289929442237043,0.1691929976824544,0.17660455594810853,0.17337755464659252,0.15866452793858804,0.1575441607915,0.16445004394391013,0.16771869894324798,0.16865563444400786,0.17365400956115098,0.1741400650548389,0.19178890316409733,0.1634307718063638,0.16226466134068307,0.1734076091569183,0.1573247227870152,0.17419561424905178,0.16204894184123664,0.170392939225562,0.16728432993701384,0.17661712588122272,0.17633401894657355,0.16693506951992368,0.1719261347082122,0.17262268456498728,0.1609022591925074,0.1639507859738179,0.1625919585903364,0.16431884745653774,0.15829246386810827,0.17685622433798445,0.18270271279915254,0.16638639937623767,0.16491132783981938,0.1700499780432811,0.1722611016901681,0.16549053245977444,0.18076598325319612,0.16290309783467616,0.15830594919262844,0.1873396377756423,0.16878375191642406,0.1607904868094616,0.1742976060727306,0.17665180613456385,0.1672931005030893,0.17084894990819235,0.16853484855621628,0.16978457562616703,0.16404280134449786,0.1828108326919224,0.15829853226414234,0.17427210811681088
53,0.18281869712979773,0.15930066900152123,0.16907720401551193,0.17064588956228793,0.1745905076641881,0.17382218068812855,0.16977561493950605,0.14641210045511258,0.18576869053271247,0.17075770063046905,0.17315794822020705,0.1705948492481505,0.17361239180697435,0.1695647584747586,0.1848838344893591,0.18076473822032665,0.17061567363243843,0.16580665702971778,0.1601252413729463,0.16539168211845584,0.16653152113598,0.16501008093763597,0.16669808942912073,0.1701538813928684,0.17869083538745764,0.17262243299250982,0.17885666045735943,0.18321406280594782,0.1834590614560837,0.17944056088777796,0.1682873723309441,0.1728049213210601,0.1775297485847044,0.16874777217103937,0.1847089800397026,0.18284296647622741,0.17365951671511867,0.1693307362087743,0.1683821638441497,0.1717497652935657,0.17579765808366962,0.17208068031061488,0.17373225534334294,0.1840934191085776,0.1689680691929367,0.16447687460408358,0.16385059329711213,0.18210696334736273,0.167990951431755,0.16157816575395648,0.17229767579148017,0.1683110702092455,0.18443197762069635,0.16077905734440087,0.17840056368676932
52,0.16813355516350514,0.16477322845525716,0.1764857716327009,0.1648153122324429,0.17038002213661804,0.17355188569132005,0.16539057312802988,0.15743938265380467,0.17588905674337446,0.16830020031577442,0.17887533264436156,0.16625386137230186,0.1704088988691192,0.17444447543380703,0.18172743226828478,0.16874803095357946,0.1882450393953095,0.17561761937260015,0.17734559594939114,0.1633678282619648,0.16843951767909432,0.16881948340759692,0.15794916187629027,0.1690904658428299,0.1724449533220467,0.16480576558087592,0.15165288380746278,0.17414506333523283,0.15417819920547618,0.1797943849024948,0.169664433960603,0.16017210407124258,0.17675754198805577,0.1749194425379096,0.18117872368863294,0.17171163904861383,0.16819461374028186,0.1786718876914344,0.1608938126041645,0.15969005525697483,0.1654952893295033,0.15982621859455629,0.17153077596567687,0.17652142747574887,0.1703829940355364,0.1707312467309311,0.18679982163963404,0.1690630198786272,0.1694895246844073,0.18208454265287388,0.17030584194416712,0.16541675217839824,0.1819238429798088,0.1576687833039232,0.1758211974006809
51,0.18303168308447956,0.16768785886575158,0.16991945427727984,0.1535455051246611,0.17765650087954865,0.16781848312109732,0.1751316796890982,0.17926053210716944,0.18329714777877829,0.16954191653324122,0.16317708470001507,0.1641393388688448,0.1671560934765139,0.17342453479454095,0.17896622178034483,0.17001919797891757,0.17734692046199782,0.15637012467302147,0.18561947610155521,0.16644186216636797,0.15624679234145836,0.17099006244868536,0.16840724632418547,0.1636771343175623,0.17155829414973237,0.16697548530406123,0.16709657256245913,0.14893465315433824,0.163074133220757,0.1627595943905874,0.17943254867670078,0.17555606744977403,0.17912387373834185,0.15783631673237988,0.18309975595021852,0.17670823456944082,0.17923075454581366,0.17005919123638855,0.16039449365947162,0.16797683011184644,0.17621607315568458,0.18011190680008962,0.16029897413789693,0.1624933098206318,0.17794030782971954,0.16943578084335403,0.15976522844380192,0.16638657702376725,0.17584923843578457,0.1740343937434935,0.17002442883163302,0.16379268545538295,0.18306912316063598,0.15630229189066175,0.17718724898885857
50,0.1743339094469825,0.16890089698626282,0.16835143679509082,0.1711262094187556,0.16286832771809187,0.16229568735235922,0.16936626702936536,0.18141849339589575,0.17298337304234432,0.16624570172996145,0.16080987808892175,0.16624844112716308,0.17185813327965968,0.164215540046582,0.16398326308860192,0.17407666236061003,0.16787857892378177,0.17766557400523852,0.1922126776294065,0.1817953579053141,0.15605549169596983,0.1790526179724213,0.1857245551677096,0.1616884514793951,0.17663114502237182,0.1684023412596352,0.18117189247147739,0.1757447253693903,0.1785486738185399,0.16873687895992656,0.1535534315503974,0.17665870198013575,0.16650381796584174,0.18870349477508994,0.16384084404427512,0.17039723105763033,0.16775768887530737,0.17114953820828818,0.17085545901035404,0.18152227042596827,0.15857594619228146,0.16128812072894816,0.16811520803579452,0.16818788920137137,0.16978682356576635,0.1781109392563345,0.16115131182610204,0.1753448164169519,0.1710604899056759,0.17111663841200536,0.1708814368804349,0.16624638657926186,0.18395641639963162,0.1595812155457696,0.17640954010912643
49,0.16961290050133848,0.16920350715374774,0.15732476154598596,0.17325607151956415,0.16225930119538184,0.17047760712765117,0.16869914570301184,0.15581015609970214,0.185311225216151,0.1774727704245726,0.17538768362962637,0.17084486043028044,0.16929740235403573,0.17327429088763321,0.18316954216736095,0.16433098676275523,0.1749659313686051,0.16900086579419132,0.15956829179631735,0.16292610171601135,0.16090325370108252,0.16704048740440378,0.16731001125591802,0.17103073951712172,0.1878598128338702,0.1878299541924117,0.1679125042170788,0.17705247415178757,0.15486030078017524,0.18658843903206204,0.17693142213669194,0.15464151821702146,0.1788804120349013,0.17862778944077973,0.15223050369944183,0.17047367973947045,0.1791409515437465,0.17290711002169276,0.16314878889421058,0.17343316531940497,0.18980311090016974,0.16858993699123215,0.15750645785992473,0.16460903766694773,0.16973617709427266,0.17041798263091273,0.17257601449879575,0.17537596150962215,0.16998732386055035,0.19451401728237017,0.1710822548364399,0.16521690010131174,0.18784637644521388,0.15528773567396234,0.17654548750992555
48,0.16322251415506547,0.16644577691369192,0.17220362471089068,0.16346547761837082,0.16728172192647842,0.17218311011267842,0.14918446266579644,0.16945048779201752,0.18205008691284338,0.17802881252095645,0.1864358420474494,0.16177266943260782,0.16881401531385642,0.1681532274343794,0.17554882225965532,0.16174401397060187,0.17336521417258868,0.16042282858762047,0.16655436202242527,0.19048878649331408,0.15996561951910604,0.18197412745649005,0.17730904633544023,0.1679411037807193,0.16432573484709845,0.1666420049331262,0.16709237872484595,0.15595025088898246,0.17784830086038836,0.16474020439408232,0.1866665899408123,0.1678596126784128,0.16768145400546908,0.16607232221055326,0.18006003471340898,0.17493470662574329,0.17771834487956853,0.16890364296149382,0.1698619090407287,0.15789603080545056,0.17412023676364716,0.1747987627082906,0.17955664606723312,0.15622059100892752,0.1749037720386915,0.1801536702788393,0.17090392252968942,0.1826547777588833,0.18200518449776398,0.16683560027246994,0.17080824881179293,0.16616568588633793,0.18473436311759464,0.15697453891736288,0.17761602024353645
47,0.16821976412981976,0.1759296162750643,0.15452560479377678,0.16369576590922136,0.18107206620678615,0.1673108836976464,0.17205159968866046,0.16624798091892562,0.16004129991096253,0.18286321747601123,0.1760113278953416,0.17436826377618306,0.1723715968849491,0.16433003712094732,0.1675606321674452,0.16136924517760665,0.17680018340210213,0.18659896815117488,0.1774963746138224,0.16845207570346685,0.16453254982881402,0.17099099145314733,0.15908956923947495,0.16936608927355737,0.1849483259724379,0.1689442136382151,0.16124323335934776,0.18040909270376504,0.18564926612453703,0.1859686322357014,0.16170577735796335,0.16919152740310828,0.16530295951260035,0.17157378238385748,0.17242936888685084,0.1664176019745467,0.17828826103054454,0.1665950474706501,0.16753639037951334,0.16783030478628239,0.18346667714221432,0.18533723605684224,0.1757864873302748,0.15908992294131102,0.19010394713766268,0.16874463034389847,0.170995368326493,0.16487974501288136,0.17660025913967142,0.1712709993047193,0.17163209523301595,0.16629038618283087,0.18582491748567742,0.1595180425776542,0.17675020233649447
46,0.16200325278144823,0.16398683891436666,0.1533726040400844,0.1805201596606442,0.16600122058886474,0.16539141184221334,0.16061797318558388,0.1653274707329948,0.16172571709556527,0.16232301879971128,0.17203013605766534,0.1962392335191294,0.17391608776728432,0.16729887529049894,0.17358611439015656,0.1775532628397224,0.17015632659677307,0.17428906364216448,0.16514668949944944,0.182363755178463,0.14961741902122933,0.17326052826565388,0.15045853731366504,0.14893598308648104,0.1540525398386114,0.16537111749287958,0.16041890599853093,0.16876832073107725,0.1707925281172117,0.15955956690776002,0.1525878207484485,0.16028940342610823,0.15553171688360545,0.16248626066247437,0.17029594171959883,0.18067728549881154,0.15959827124651413,0.1721289731156935,0.1648221416469139,0.16250598080475848,0.18470527673187281,0.1514380873370603,0.16174207581387517,0.17718046757961592,0.17893618402973843,0.1856451776023403,0.17370377021397343,0.16259255738992104,0.1584549130015235,0.1789916454712338,0.16698797220239933,0.16046867279529417,0.1836515920328384,0.1508993348241929,0.17367435625801922
45,0.15931611057072276,0.1562073012295637,0.18303027502648808,0.16589409886525067,0.1722082231158445,0.15869414602784365,0.16383401791612176,0.16647899729460308,0.17220763718240403,0.17915760798623512,0.16952749945634435,0.17862458737010528,0.17095904655512253,0.1726413861810697,0.1547958542270385,0.18514443898913285,0.16797037146097424,0.1717325201648524,0.16485878374899784,0.18805434106522592,0.18204758192338927,0.18778553447260363,0.16590220912568807,0.17437400399728584,0.16298738111197458,0.18240078521060912,0.18646702942159696,0.17295018080631294,0.16134183906807717,0.1785202077281841,0.1821468621453549,0.1712237086149398,0.17340949054767818,0.1643814408550052,0.18301253837294634,0.17348109866114728,0.1799595234730885,0.16516451195983772,0.1515037049507577,0.1511327395083558,0.16180209472358473,0.17150368152947656,0.17796074766379016,0.18629008074903033,0.16135350970780812,0.16391225135841622,0.16599871194320187,0.16137696238434376,0.18079960696483477,0.19402460627287152,0.17153103739372264,0.16402954873256348,0.18719220719965063,0.15543100537817484,0.17975904460137515
44,0.16715065823183575,0.17424499665100063,0.16594088009726066,0.16122405763163836,0.183855838608365,0.16728656911710132,0.18357104924835035,0.16072764762115285,0.17306117385919723,0.1593613342362301,0.19323102299586775,0.1902683661032529,0.16024819568488524,0.17070118551870195,0.16956689687822135,0.17474201518921126,0.1640456721563998,0.18208960836958524,0.16674008987115208,0.1716025107584728,0.1692315887710692,0.16420345925928365,0.17674677692152965,0.16991979150449846,0.16114667368117985,0.18059037199715383,0.17028565712035235,0.1593057944281505,0.172256998071714,0.17207152460646935,0.18834094384038558,0.17967000049103313,0.17354576474821962,0.1590343956057828,0.18699521054264362,0.16583119026381923,0.1565316549947819,0.18667404227591786,0.17770815602446982,0.19676136202126884,0.17621623328284988,0.16778743398555784,0.1750163954207727,0.16656377308777237,0.1684699217577036,0.15518234819186702,0.1736557490920556,0.1678157553767487,0.16927316583338492,0.1688908437548653,0.17190765491562365,0.16609660334488857,0.1894010260849626,0.15915652507584827,0.1766141410118597
43,0.18784736956176482,0.1781502302314511,0.1866322185326363,0.180998826212887,0.17648001596172466,0.16224504284912714,0.17312950376162597,0.17099377906679972,0.18296454227685224,0.18293611984657304,0.18581737505216148,0.1644002491344425,0.15890562355284937,0.18231094075944196,0.17886548178986494,0.16700202634216424,0.17204438911769987,0.15798402442076095,0.1933831908686889,0.16843152692349045,0.18023549876568512,0.1805844279990582,0.16464992696772843,0.16690436267812872,0.15377460282419114,0.16136895751729416,0.171187146035194,0.15846430100860656,0.1639062616891111,0.1615833629242566,0.17344150443966375,0.16955997772078304,0.18893432392086704,0.18671031875254288,0.17102377432889626,0.16991416188183156,0.1786699221587963,0.1699340271164699,0.1695418968183737,0.15387006002858863,0.17785831679002614,0.16443334223415662,0.1683429779943489,0.17030552220411016,0.1749087597187839,0.16641032123859853,0.18638949981586056,0.18807708412261073,0.1691726585219529,0.17827550228149994,0.17299910553522044,0.16653383159848106,0.18797371257023007,0.1582001488852915,0.18049719569071493
42,0.16575503665560018,0.18442326990910954,0.18061938732578334,0.17473398427081,0.1739965442858898,0.1714607014929315,0.1808113669033995,0.18402092768293807,0.17367102990858918,0.1538288232100668,0.187229980241033,0.18573439838673006,0.15566249713668984,0.1631199136883459,0.15869960703374977,0.1776399904765642,0.15725541795717637,0.17670080589602957,0.19017740541439174,0.15816730577965832,0.17621346544241565,0.17755384723900167,0.1738620642307392,0.16759780371709443,0.17310439121525667,0.1850394461304369,0.17218623366185254,0.19823600944512726,0.16641743476827928,0.1671443858933297,0.16293020025587768,0.16878723714681,0.1717818653631182,0.17728117476372218,0.1599479805667309,0.1615858989762477,0.16582065036162658,0.17694137698028134,0.1777129729914264,0.16386791122073832,0.16801980150900828,0.17391600195873166,0.16645044982875198,0.1630402318808029,0.17084755176758679,0.17070103548844884,0.18008059704345816,0.18415456310057077,0.16510128646796002,0.1763456017827085,0.17232755729707253,0.16577144008210679,0.18655696840659666,0.15766576747729324,0.17761845466717358
41,0.1672547187388059,0.1780800488228724,0.18855455033041105,0.17615587968453075,0.16720757660650573,0.19119082611917979,0.16447047086339947,0.17371879660725367,0.17625297574553478,0.1638968614493071,0.1795547278191619,0.17137006350246042,0.1659857873821588,0.1816867644767895,0.1755942691193623,0.1524643592855748,0.18004417165582778,0.1713175127657329,0.16558402314076928,0.16634428443006447,0.16729704093074443,0.16474206648218506,0.1615588844992611,0.16759752042724313,0.1973814817099249,0.18405935546419525,0.1572482940195552,0.17162465073901204,0.16104872220199332,0.15052527344943775,0.1596720584894948,0.1803767943079337,0.16092140695423648,0.15957145656703492,0.17228342176553796,0.1743407311664813,0.1761418684533362,0.16883361013023385,0.17756409697421138,0.16999470478226372,0.18497929248446962,0.17695526317469892,0.17257998091144888,0.16927097790043305,0.17364263728986837,0.17857636677252975,0.16673889498587127,0.1757585384024897,0.1576053790157946,0.16581637021536047,0.17122871618425964,0.16564210990941708,0.1869456842997374,0.15740898226786293,0.1767796913174079
40,0.18151038585206655,0.1779099649002196,0.1703310274055877,0.162072336518983,0.17594507660756223,0.16107408602761616,0.15592231683423877,0.1676966263563436,0.168507302846526,0.17078611982258668,0.17302723100172765,0.15635673450552295,0.15592858962241288,0.17834592477470487,0.17239516837002458,0.1834264564445531,0.14463789576628386,0.17666564604155902,0.18786021032498926,0.17411403521349272,0.1727215911842745,0.16446891667290187,0.17972949998940152,0.16582806079979426,0.19241239591306877,0.15895385914525847,0.17307851509043876,0.18283581414201244,0.1531043264025402,0.17748722340470532,0.1872826825677269,0.1673743969593357,0.16490629274112475,0.1796423501901217,0.14805590840970856,0.18300343875227207,0.16851529128535828,0.17552943919232278,0.1574773123098271,0.16463261976053722,0.17978323819681835,0.1700803969854703,0.1719240369717513,0.16971749926273993,0.15561005920881577,0.16776366691282563,0.17415692952872427,0.17637856894273432,0.17750807278690658,0.17533170832912648,0.17059614494551295,0.16470103800568411,0.18554738081229868,0.1542319061653642,0.17750286044135627
39,0.18389843935100145,0.1804809609782833,0.18618176286224616,0.16652209073838964,0.16174667163414583,0.1700368270294689,0.18723364446174898,0.1968522733108435,0.17302634068456516,0.16024456682682547,0.17303343327635431,0.1626332328190991,0.1720977624308635,0.17655104284484258,0.17266702797642053,0.1696381225951969,0.1823531552646676,0.16731866215019855,0.18447823517110395,0.16482300403737465,0.16652407811048173,0.1746990640626017,0.1645435071315847,0.173004064864405,0.16778676904645876,0.1665204844515531,0.16575428301426468,0.1745445449627531,0.16801010076965633,0.17942833229536911,0.16184543427056566,0.18774250219516814,0.18736414731594916,0.17792947863945222,0.16985261767348217,0.17877830361997155,0.18026343161631198,0.18095334532160895,0.16202045253366118,0.1788354995103858,0.17414950334305265,0.1618855689456825,0.18035807825846797,0.16527414190844858,0.16750904042163217,0.17074487842406727,0.1728439014085544,0.1729881319376006,0.17433405132905846,0.16142085071360385,0.1731945168907899,0.16652258758141267,0.1873054210315591,0.16179111482053476,0.17928012409912328
38,0.1654767467773938,0.2048890969433546,0.17726636263938708,0.18357327948854374,0.17073987325133227,0.15544927345653717,0.1625969438912416,0.17568773038254146,0.1717102319255053,0.16567219057076268,0.16726594670221837,0.18459863393514364,0.18037627349907337,0.1731790841340494,0.1611416492270095,0.1710781438834425,0.1866006804787244,0.15782619991635355,0.16734176015215868,0.1881822610551183,0.17236248847046418,0.16644351039840954,0.1601205930644757,0.17297376883905966,0.18445542728004521,0.15885434712099825,0.17326716401706735,0.17337785689936674,0.16142003151719983,0.17868258232215808,0.17251052713844148,0.16166170544278782,0.19082045731285455,0.19583440754241935,0.16770868352360627,0.17415566507876207,0.1803296190624741,0.17119861749091947,0.1657102478318315,0.1970210909241773,0.17939450866576429,0.15192279844122644,0.17724842382031136,0.174290654959989,0.18307639964299624,0.1926583132987242,0.17269942421524928,0.1939531138515239,0.1581737255291729,0.18960536345383638,0.17445167758932403,0.165893563473476,0.19498782538151638,0.15798258644212226,0.18240136810701552
37,0.15704323166672643,0.18789257067770523,0.16920892728896036,0.18231972991091588,0.1784525307414634,0.15761670219597318,0.17479677647247516,0.17472324250994925,0.16205944870520975,0.1968747157059271,0.18240829734243755,0.17293773489445333,0.18230260544015703,0.19085594980489795,0.19852293713026448,0.16074705028739997,0.1816223975866512,0.17849271153495272,0.17119313572952344,0.15589548968164338,0.16065578323858412,0.1731625427215047,0.1608713207500228,0.18965366108123166,0.17845603066983776,0.18010880102406893,0.16902752986043457,0.17114252874049907,0.17524057483048147,0.17570679881816734,0.1742681328215431,0.1798592409258974,0.17787837711274995,0.16568736581323557,0.16387356127374178,0.19638842497207515,0.2001723585063423,0.16009555221744937,0.176256516651812,0.1576100209906964,0.1704674844163808,0.17615345326997572,0.16388160459027099,0.16896214864239842,0.1727341752289805,0.164912006172985,0.1719991461557077,0.15990923658881415,0.17446863609463797,0.16368044867208192,0.17378499296320588,0.16413920498594947,0.19665588487569372,0.15761302753307097,0.17951760857816124
36,0.17632305294276235,0.1763895800492348,0.1700255762575729,0.16630890655138492,0.17512749214217055,0.19586659335146073,0.1909630217483719,0.19190701085041975,0.17334449807014404,0.16095137162139667,0.16029931925986712,0.17578017255144,0.19687895613762,0.15561520344971577,0.16626133350679298,0.18828622853305815,0.18091618341346105,0.18098288753004368,0.18631636879970684,0.18243946527674287,0.16553350361184158,0.1800292552972547,0.1978479481287909,0.16553349394658287,0.1724399608888465,0.15311389805681774,0.17682942752822686,0.1696502080324802,0.16074288946930657,0.17506769933633623,0.19193296884791283,0.17041983104032993,0.19630738106414533,0.15822373461113937,0.17539916544982861,0.18905023077345992,0.1679851497365154,0.15859727149100616,0.17078194786006096,0.1770617304767121,0.1797805904790625,0.18883023928387446,0.16880436067465532,0.169872677085894,0.18695854184743346,0.17509881742943753,0.17961280806059687,0.17640300224613512,0.16458464580222149,0.17422459350516914,0.17575402388210878,0.1681899524710504,0.19610902659343726,0.15839182620707942,0.18207532084006808
35,0.1944191397186367,0.15317891920008272,0.16682252957156163,0.16268094166780334,0.18725111684826456,0.1599285971853276,0.1783831493201488,0.1841749655256628,0.17575653055610055,0.18567549183450516,0.16300722128099876,0.18285277750243234,0.17978040884720536,0.16819191003260164,0.16471064919614176,0.17131231558325105,0.16493697867814403,0.18495671674346234,0.17118231177520196,0.17025546370163258,0.18116254096047182,0.17255730545889547,0.17180095906288523,0.16128128444455622,0.16355576251297319,0.1587252075910475,0.17661205727904172,0.17545516904172226,0.17248317389954648,0.16384592742505052,0.18743382257891755,0.16754238285229794,0.18424029100503408,0.2005100372786758,0.17784977094172957,0.18331246371400592,0.16693782931237094,0.1564436756083344,0.1557758619017473,0.17370429237154988,0.15725219442236107,0.16578972218375326,0.18225183175284698,0.18032875925949376,0.1582218874904449,0.16473909205068654,0.15431454583266593,0.1760777835020642,0.17111684720469494,0.17162009706782827,0.17204801421553723,0.16406210786782333,0.1873516050001237,0.1560763780697115,0.18019167165642166
34,0.18584648059490796,0.18125699023819325,0.1641158032865045,0.17398897653418047,0.16816245130784566,0.189685979560962,0.17205206049724567,0.1779548390585339,0.15809164478592833,0.15165360597377245,0.1698197608826716,0.17063100896301406,0.16418455043327515,0.17631612045765768,0.17135669659011213,0.15766723275591138,0.1680231526893752,0.16179125938373454,0.15396596270503937,0.17507668974588592,0.16830765519512278,0.17455016156559314,0.17118329546425295,0.1773266230672695,0.15559118156935464,0.15832209056959837,0.17430375346858337,0.1466596070096206,0.16608460842891115,0.17004920720701636,0.1534898929719707,0.17345640560918918,0.16327124187979555,0.17044306969394074,0.16053436743075156,0.1660596006685257,0.1858486788964563,0.15232588698797428,0.1825083871700726,0.17361642056861815,0.1710727457113816,0.16088295997135213,0.16132175234822754,0.17834481562460341,0.19732508626886636,0.16641477624589285,0.1770230333430828,0.1810418154468449,0.1689891685715889,0.17692378134785708,0.16949826673494134,0.1621612550077498,0.18584768966075954,0.15284968968077267,0.17600626277971473
33,0.16759462200141942,0.19235402755951467,0.16206374995984238,0.20261438631125608,0.16384010079246686,0.17459605380519375,0.1806229632453317,0.18999721947800183,0.16299272562942763,0.17509398187572756,0.1613371738064055,0.18462222506068487,0.17660907816693097,0.16615982932330584,0.15824076150708452,0.17759582441661345,0.16433085543108236,0.15463062477205788,0.173465736814775,0.16444715194430085,0.1959351028576842,0.17235635608393307,0.15798495143349914,0.18594022203930505,0.18321809547205808,0.1704498086566426,0.18869633375431688,0.1828383976596901,0.146192137813213,0.20907982143557594,0.18398830005854655,0.1741182397648416,0.16463439948819047,0.1706977696913634,0.18067330486211844,0.1869999222344614,0.17610436996102202,0.17940389963366213,0.1465394837761331,0.1648920634487022,0.1661616619457549,0.16156170162792674,0.15086569326749677,0.17356085723270337,0.15698462990941472,0.1627459079421861,0.17696385634267875,0.17012730028723266,0.17043015694821242,0.18399739226871506,0.1729470245959741,0.16396278945212073,0.1943236189735079,0.15255991244454928,0.18229712446029717
32,0.18004992024425998,0.1722523518143437,0.1736482266317686,0.18008742403251865,0.15602675237578373,0.1491357719723945,0.1785618861239918,0.14909465970014962,0.15037353857481442,0.1773652394153551,0.15894422272788408,0.17296146540158966,0.16106269818794153,0.18968359024706938,0.1731076670238852,0.17454310656694794,0.19066922341641632,0.17564987070659308,0.18245488712965235,0.15232046582122388,0.18784579489409214,0.18366591971332002,0.15647687671421176,0.17253867627340963,0.171527743987184,0.18222540550634397,0.16454417646176558,0.17504217107959938,0.15589903074869038,0.15883749735366162,0.145623086953554,0.17597793292712405,0.16737444667794082,0.16428946918917747,0.16794028271725972,0.16334165100750214,0.16861846123694085,0.1543484339305462,0.19121953208727246,0.172202159867202,0.16609777790890676,0.1764848050694773,0.18979125003454625,0.17612141114214586,0.19362644620301273,0.17099574383153185,0.1629379079114775,0.17600135366552805,0.18757692280881272,0.1540640994823287,0.17062458870998298,0.1615315006188255,0.19027413539457477,0.14969276694348346,0.1782627244468326
31,0.17919610977060246,0.19583280866705532,0.18278880022581295,0.16237634672358556,0.14928332213743806,0.1918054799301697,0.18984825302732167,0.1932209529865827,0.18675281657066686,0.1787064719259312,0.17377345840433034,0.16879911123192187,0.15584300195394166,0.20230580798362469,0.18567059177445394,0.21061716187889779,0.19187395591753903,0.16936851982221346,0.16980918800869182,0.16709490647198805,0.1776791015200551,0.17788347302698398,0.1807376698566121,0.19173124906930666,0.17887728840997238,0.19218535612940255,0.16106569365972948,0.1777505827771379,0.16274416506745776,0.18925020785412763,0.17991131689250658,0.15985461712050666,0.16911132687848937,0.18599435717039672,0.19100814517880046,0.18619841729221737,0.1614181405534769,0.16424225509901624,0.1668538738655519,0.16937549413408715,0.19257660612341432,0.17132900285870598,0.18380700275255757,0.15814877340888542,0.1681651463432866,0.16846917892361754,0.18312665177154452,0.17309584904523623,0.16055497186967282,0.15884437433451137,0.17693914708800076,0.16736246643981267,0.19465747361084265,0.15846179382541709,0.1866142167510545
30,0.19073297639061773,0.14668689287846354,0.15792476603784159,0.18497713896383103,0.17164123448098761,0.1718255537371607,0.17689605318056814,0.1688284665479955,0.19210162293252264,0.17666767625402913,0.19198025223634843,0.18123458211115448,0.1740844914559569,0.20393788415332392,0.1823425237149748,0.15461089255983737,0.16146055012744323,0.16704948688122015,0.1923254846764947,0.16903265874677043,0.17796995285959882,0.1548264252373331,0.20425392600808254,0.1745037684316848,0.17089635186082258,0.18160849349024294,0.1690973509353758,0.1408964903205157,0.166954289876588,0.1602459933106517,0.17716055482451737,0.1915184889599078,0.18390142191502368,0.17632421174571494,0.16719334804844074,0.1570635807118563,0.16513551157835887,0.17691947059937765,0.20732068154432037,0.16411273123012834,0.18659833947972165,0.18309141719531433,0.18044769477929576,0.17407601253289567,0.1920811139921737,0.18172007636508108,0.17606038281633754,0.14986156517937593,0.20261216011903369,0.15815835558265112,0.1753790269919593,0.16697808912774603,0.20334130833789332,0.15199876250058358,0.18369892073509633
29,0.17485300938351336,0.1771320438405926,0.16646132931135474,0.1747915939032622,0.18212095610112472,0.17519260652696564,0.17246803569085195,0.1780300138970621,0.18051354457325236,0.17652720650777418,0.17395433591880588,0.1613601480611138,0.1808223283519204,0.18205503108499196,0.16239845948365467,0.18156905447185478,0.1748362467851566,0.18032503678648087,0.17926255491836174,0.1540196764320275,0.1886940175151704,0.17200487779300688,0.16553338045446608,0.16700643890375025,0.17323500377772788,0.1929191395387775,0.19216227575415668,0.17682720261190887,0.16926135946907986,0.1733590563918024,0.19815682029516332,0.15796415260744312,0.18358109349475604,0.20016480231992212,0.15875518662126317,0.179688371687452,0.1518923947501934,0.16385459835723218,0.1754709810302696,0.1951302197801412,0.17761120584341325,0.15985507809122654,0.17423038310411934,0.1967347836650982,0.15814086129073177,0.17117146058262242,0.17642118567672546,0.1671840973850782,0.1686035697260501,0.20071218238573568,0.17550038785869215,0.16753896547032116,0.197516903811634,0.15804367151492302,0.1807451324072534
28,0.17751759331075212,0.17560380965759512,0.1871545936798834,0.15882542245312173,0.21067051516827334,0.1449460423543994,0.14445064335724392,0.20281195649740105,0.18394056070358003,0.18757806124289253,0.16604104283282548,0.15561960443870756,0.19960390237022319,0.1700263840363479,0.16932669112748894,0.20525293592805022,0.18166482860844088,0.16711438102308873,0.1915939057025878,0.16569441185004158,0.16611552184404457,0.16180112986591805,0.16680953385031036,0.17632546931023715,0.18289066190973882,0.1994591279321796,0.19668670702346902,0.16116894512306934,0.18055402545937063,0.16876959757202095,0.18333004141844703,0.17015370001946084,0.16381708959960092,0.1911983917964441,0.17484853797901506,0.17140098285093633,0.2011919114766684,0.1437232404937834,0.1766559003923723,0.16167107736806216,0.18328086963762896,0.17293105430588313,0.18728391592272547,0.16183520413399344,0.15939350384544337,0.16668889053924182,0.17386699525957328,0.17396103552454129,0.15705054380164582,0.16529151737670503,0.17491184819950947,0.16539224099503916,0.20208293623807136,0.14974914529233807,0.18378793088229678
27,0.14988515698426522,0.17962311107504372,0.16284142299400906,0.1804294228098359,0.17835492213704235,0.17333599430513233,0.15897684521789335,0.1743807685006397,0.19238909653988193,0.19352180537532912,0.1619825964685026,0.1781319582775411,0.18614781180178402,0.1897671862074028,0.155421483410695,0.1666068903655203,0.18547278092140332,0.21974046427270813,0.19236925253639398,0.2030455808631436,0.19416831074452445,0.1711907973203701,0.18817699196490645,0.17003698375518925,0.16891704167865526,0.19868234220584427,0.17476658654679664,0.21880297193308668,0.18069174515308492,0.17180766985968732,0.1650649521073288,0.1782514231573333,0.15284792726753957,0.16494084978601856,0.16366705406961313,0.1800991771981771,0.16540397046375804,0.17774182471903788,0.2030846117200961,0.19646693876382712,0.16770071035796785,0.1657556350143176,0.17457054534466848,0.1766893194213686,0.17751092744223293,0.17958540191518235,0.1593242930633422,0.16510074556742513,0.1843960975894047,0.19618037154406076,0.1782809753747803,0.16596844885211826,0.20306704783446747,0.15702139622393427,0.18766969692412583
26,0.17264952861186053,0.1647128071301946,0.16089672604751518,0.1613800234255514,0.17317657902715847,0.19456447351606018,0.16049344591302592,0.17983533709033195,0.17627020963766582,0.1800092818115452,0.17626248834429464,0.17662116407282863,0.16174535395188883,0.15281718059308705,0.16094487662810836,0.16029105932771792,0.17240356729900752,0.1670641326047253,0.18992418812709513,0.1852678814853526,0.16066596470939978,0.17180328175092716,0.17318298926435283,0.16791216097925374,0.18613648874234257,0.18113679504126087,0.19512187511191562,0.20358877307251455,0.20904442923099167,0.19442205737081616,0.16503616749093217,0.17169031814582264,0.1696986907101503,0.18399026419008477,0.16960060030049703,0.1598840377014445,0.14403990536559833,0.17036498650263746,0.16085435749740304,0.18984316974409474,0.16591782418863124,0.1708346632472475,0.1867287388820034,0.1685676819050855,0.14412126352711843,0.19295481974879208,0.1734368473072814,0.16825521851851738,0.17589855152469536,0.18337833765265063,0.17370883128138953,0.16479364722037898,0.19487104439378067,0.1559972662918479,0.1828179519998032
25,0.15451936493845386,0.17086884823193504,0.2004448681718115,0.1745925374289294,0.1932126014953759,0.18898863784272887,0.18118027595406305,0.19968611774858416,0.14868326837679696,0.1765276624680719,0.1591520182465454,0.1858596466142466,0.18428722247006216,0.18289600315637414,0.17027770308726461,0.17719334971135559,0.15677835522737393,0.1650597314184914,0.18870643069778995,0.15720535913358966,0.18023255817792852,0.15305541671833967,0.15725077468795165,0.16399305901958575,0.18698166697811777,0.16197920491797405,0.198444481789883,0.14983541233601644,0.17127024010219277,0.15796587449056443,0.20750483184156113,0.17205974830053294,0.178997432842866,0.19387087339467016,0.17854468325584763,0.17612812748921167,0.15404096807333378,0.15315584452258188,0.1927382478409386,0.17608586492667264,0.17635191129306743,0.16167891599076625,0.2159317934014569,0.16699148628587238,0.217166223624046,0.2024744660470409,0.1578463949334474,0.17271844683163912,0.1859285904406419,0.15951564390947576,0.17593718373768139,0.1600564619297984,0.205241167234027,0.15310060923024865,0.1867183978437488
24,0.18681971795480484,0.1755287794216199,0.18424769252547296,0.1830828064830894,0.1850553553203144,0.18048995025871914,0.18207459025723138,0.17035791606172476,0.19783389196076845,0.21427395507202757,0.16656219115386206,0.16976988388251507,0.17498661561339798,0.19107017124110778,0.17712090576340925,0.1437085979047848,0.17211130709157307,0.19216236241996648,0.15740128537660011,0.17850487373416116,0.17274709607162525,0.17334534767275459,0.17921243723522917,0.1721498345948919,0.19128572228729362,0.15898940570103298,0.1968606493225298,0.18104997379804394,0.17115858987832777,0.14625524612829544,0.1685277950740585,0.1709727848073616,0.19731210032553614,0.20327701024146302,0.15063261529158115,0.19746355899954138,0.16968726139606938,0.17025616059234447,0.17127044477674142,0.16911526908232002,0.15865351477108086,0.16994681184118418,0.17431966527199264,0.19477325234032253,0.18496327052781478,0.18026911777228508,0.1799367514537648,0.18569491314751851,0.17509298700906725,0.1911416920725373,0.1777904825796352,0.17028159945968954,0.19766724212821626,0.15367851682983968,0.18553502369071748
23,0.16519274053570923,0.19722759729879263,0.18519988856694114,0.18669751323469624,0.18556322006795226,0.16008357689288708,0.16178852668123214,0.17929689798998585,0.20161473672720373,0.16970790954115925,0.1601821389369335,0.17828684897880687,0.15716855744601838,0.16181404291986523,0.1627667905583812,0.19445621434809565,0.20851365237114078,0.21705981423316903,0.15292322158921035,0.1718046903093294,0.1610217432282802,0.19698658131409952,0.19268863766045083,0.15641508515798358,0.1653821117811652,0.17560356938680374,0.18195846436845434,0.20034152270214942,0.16075184831637862,0.1523984434287656,0.15800123199695876,0.21122017591690914,0.1825911716020244,0.15600013537774007,0.17205521349650083,0.16482137613142867,0.19333496987126486,0.1984586057233803,0.1730489098307091,0.1733220658614837,0.20343370975166755,0.15851749755869543,0.15917447564314505,0.15040172119087283,0.1549868669287038,0.14722199989180465,0.18052004335183056,0.18975488807774366,0.16429623867573326,0.2011747537114222,0.17586465274324123,0.16032456628179478,0.2062276781923778,0.15263459360096573,0.19195520026477403
22,0.1824165987006005,0.17399289108389626,0.17152482677178807,0.1828376886247729,0.15665550706577536,0.17915213438555277,0.16321182912763016,0.18995337099616114,0.20696686530751576,0.1600563189384895,0.15763836391575367,0.1666169203141902,0.17394622730983156,0.18561004854288585,0.16690706704327402,0.20339025993185056,0.16268926632034936,0.17397472346375376,0.18889599321172945,0.21472149815038222,0.16839649769447196,0.19131789044301215,0.16886396916281474,0.18143468998028012,0.14498963789613217,0.1632389585404169,0.16132110069405586,0.1771794170772431,0.20556052030675448,0.17900943021984303,0.1801321391774045,0.1765750531888306,0.2088954004539091,0.14969196762997491,0.1710202874725144,0.1619842705538093,0.19431367201555433,0.16992958744876602,0.17320761777404076,0.19489092471618613,0.15592809800284396,0.18626347189199818,0.1883332356952894,0.16272579686763133,0.20320491224841125,0.16384988359116318,0.1911299128021358,0.1840496129389774,0.17628021509633807,0.17569507824836172,0.17741143298070694,0.16454164277191993,0.2063340100571732,0.1562554320811631,0.18781579474446658
21,0.1598098823176602,0.20004986837691857,0.1758778648365765,0.1701741294571164,0.18534432059197242,0.1776533211303019,0.14932203195049706,0.18363852792349872,0.17844419200547787,0.16717237418498948,0.1808589415329728,0.1658624388276101,0.1743256665117377,0.1704138956403689,0.15941097601199067,0.16007719072766186,0.17960696945104093,0.19414632314999064,0.18750100229720673,0.1855492658071811,0.18428451540753718,0.16954600453976734,0.19066272176475688,0.1617166759024721,0.1810087016866104,0.17518627659657934,0.17741584125906107,0.20725917625091117,0.1787991719962676,0.15014425037177662,0.2087115480405289,0.18021258043096464,0.19009100306711058,0.20795556464298467,0.19461994322351575,0.17892595617229123,0.18385830115083024,0.19212428268170534,0.15473478222663764,0.16819075470621805,0.17630445501546152,0.18364696000204653,0.16996337698485667,0.18417078830838268,0.20906851265178042,0.18647221740525377,0.1395786546612797,0.15476784320877465,0.16590700942927045,0.22741473616046004,0.1787596357735773,0.16852956716460538,0.208371355511634,0.15220998970646407,0.1862414795057356
20,0.18971106285561154,0.1990369125470961,0.17746686114315963,0.19650988751142895,0.1869998944873556,0.18923825334062905,0.18594202902918444,0.17742514777996304,0.17294410885433886,0.17642970226981305,0.23183090137822487,0.22801828158205376,0.1512484455382635,0.1774633720381435,0.16233198560982864,0.18731553697472267,0.16528163722940326,0.21482521281126393,0.21028724605679663,0.16345933378511876,0.19149056214130314,0.2348384889732588,0.16965501904996894,0.16503166773404732,0.21167968509123852,0.19768141707869336,0.19308430363174994,0.21385416437414673,0.19726752636267336,0.16447178359241377,0.19704876315417194,0.18197647537524733,0.18664099874743298,0.1957868941964872,0.19086171857143422,0.16433311204182935,0.16101437503115107,0.1814582106021327,0.17254670544530165,0.17451009563734524,0.16660229905581617,0.15089562580795957,0.19903765334681633,0.1729995802707895,0.16572009088672754,0.15163921271098185,0.17289072572698846,0.17496988076724349,0.16782324590836764,0.17492822501058705,0.1837300863829341,0.16828118919376797,0.2220814006351983,0.155858035755058,0.1963291391826935
19,0.18766470795706297,0.17663109954134662,0.19022931259841971,0.2036387743523086,0.20636210660176832,0.1494005220656013,0.16936521945205485,0.19391302260321713,0.18468535025818122,0.17834669419247123,0.1814867390443615,0.18596688962332358,0.17503447391399019,0.16969284494220102,0.18762648792342007,0.19952631125726655,0.16735257235883713,0.18460660899916667,0.19287065247038757,0.15195990616912425,0.17803603828315961,0.1640084876529503,0.16655721594497003,0.1722181060166749,0.184055555312516,0.16269371180039066,0.15735613003604054,0.1650489829204617,0.1935454104864681,0.1459857064211414,0.19182750856424777,0.1748117250845872,0.16561162693067766,0.19996607725041782,0.1427592065679515,0.1382841096675239,0.19516972835246205,0.17804627339842566,0.17112057447997192,0.1882309113295802,0.1850069004381318,0.24161585609273875,0.1498052410719451,0.18474932918120096,0.15698774935199167,0.1933588813163445,0.17512396470533959,0.18311316818638304,0.17434613306843966,0.1432551416106045,0.17718111495696498,0.16584802418425076,0.20198606065645774,0.1444838957753461,0.1880893604864509
18,0.16602251551694489,0.17675457172903067,0.15654917070117266,0.17275251653287232,0.16687811456215407,0.17522988875919995,0.17055474228502496,0.21377153533095747,0.158837210775272,0.14987847459296072,0.1732908022160564,0.18928014207118676,0.15461938059141903,0.1930160983989427,0.19249331709925405,0.15000500313258686,0.18298166839352964,0.22148237106956875,0.15307401657857994,0.17433965653460462,0.18912420769860874,0.20263504525963183,0.1789638556629344,0.2051196780964566,0.15898918997745015,0.1785942954800543,0.17631405310489878,0.18223323869206814,0.17040737238769033,0.17223304713476886,0.2074519365731609,0.14727534135348958,0.15540062611998556,0.19297851698514432,0.18420140730185794,0.17144914988170395,0.18696007352359084,0.1715656011368396,0.17264464805515078,0.16739651006097625,0.19355667926939607,0.17511460438351809,0.20029603915496066,0.14720378700997594,0.15496709423620972,0.2029475731163838,0.18425817405162356,0.17035875837827394,0.16342464386864297,0.17188297391879823,0.1765551863749113,0.16623641527824717,0.20640242025864397,0.14993541243579248,0.18858317415485426
17,0.17956944840729322,0.17336684846880593,0.1562900643158482,0.1835089076759763,0.20263509234656957,0.1708901027968247,0.18969096210643782,0.1578329475134223,0.16089302170658462,0.15895544110599522,0.14173392369127305,0.1862048540612194,0.21568547121886875,0.19682172818456076,0.1976119725528016,0.18548693571166752,0.205775379972244,0.19828364971971688,0.13826852658606315,0.1827132489092439,0.15516237015935694,0.16960612456011703,0.1896951340014732,0.16814246458447968,0.20929631786626982,0.18239784766334777,0.18189312975948216,0.18431691425861646,0.19276696893774098,0.18413388191230887,0.18529940238595644,0.17668919142184034,0.18144259172758992,0.14438195754345656,0.17458324338296483,0.15566208489230263,0.17523920679855504,0.1877435687132954,0.17035897288303883,0.20072130512484065,0.19675418036329867,0.14542062396435776,0.1907107272714335,0.16881583959855526,0.16052802676548883,0.18661830462472714,0.19625368863194503,0.16719472220439247,0.16934196445422448,0.17466062467532892,0.17816099816364403,0.16831080833799858,0.2043622505406905,0.1448493574328621,0.18969409102771434
16,0.14735883078107487,0.17190160563808035,0.14610616948739769,0.19929686267427324,0.18067181965208712,0.15549380890891196,0.1849970343876915,0.17977240931779875,0.13227869165312375,0.18065728310372345,0.218739673219297,0.19239785237387877,0.18183943825487017,0.1733538085550538,0.17401857128687437,0.19185116851071188,0.18277933811725355,0.17724797318072946,0.15632059341482898,0.20416706968376708,0.13061379187187958,0.173768603501305,0.1902251503520668,0.21026638822019209,0.1541644978304516,0.17236488204648212,0.19521403087388006,0.18181456620323377,0.17100867629126376,0.16633459205923218,0.19143997586966155,0.16071720871857254,0.1929190087554389,0.18694501925438947,0.13243824418588257,0.19452569643926976,0.21997224008176056,0.20445404607958279,0.16364978460019555,0.15555178847552684,0.17663585076376212,0.15296548823594514,0.2016285491557314,0.18981527186944575,0.21251592994678165,0.17259963053381197,0.169319025024602,0.17769325365101782,0.18789654097198083,0.1947514212512651,0.17830918310632074,0.16708070030057465,0.21150363616981635,0.13858881057156439,0.19226118140808704
15,0.2109588231459751,0.1768354956060957,0.24919558018526003,0.16247210763020176,0.16593581733674295,0.20486238115590225,0.18368802166429485,0.19376340958493138,0.1782639372420657,0.17588310695549464,0.18408466491174852,0.17006783057242822,0.1926312581679003,0.2039917888732379,0.18393506540425375,0.19642661059886193,0.16238540045338715,0.17589764378179878,0.16413947552717442,0.1786951308765365,0.22172703098334817,0.18249442788535608,0.22261956655474893,0.1787721738308396,0.16830221878641455,0.17153334552119184,0.1482695402837696,0.18301020197599624,0.16737055855544733,0.1562285093117849,0.2153899636523055,0.16896150810301608,0.19641412323950128,0.17945794000467907,0.17795042670033817,0.17512029708640614,0.22781642815742265,0.17677225395049936,0.18914805325257417,0.1850653863599235,0.14604696920373936,0.1717404130133391,0.21208949682357103,0.17632527133308137,0.16362508804787793,0.23095197121763777,0.18529777547868384,0.1752729330484587,0.16970686950812816,0.18470745183874973,0.18444603486766245,0.1704342093096191,0.22547784043621946,0.1589991103255059,0.19348037173067362
14,0.1572101770155821,0.16524103028512482,0.17144386971534237,0.18302307499058684,0.15966583863459652,0.15055023927720784,0.23008943530607565,0.17414230176187076,0.15995083337189406,0.2076199721575676,0.17805037539708554,0.1908597443421823,0.21956139642381314,0.1857917051190528,0.17260013565382187,0.17024485494672947,0.1638450424393858,0.17838928607520915,0.16819176565049648,0.154242188881769,0.16584251353422144,0.16910860404585207,0.19536770816452345,0.20130470159354907,0.15282356608281764,0.19870466318470006,0.1461378995028046,0.20920930035417187,0.17995608385614684,0.18105624524763117,0.18870747126312593,0.1582239497156207,0.17076740766089657,0.16837825648953647,0.1938249092190615,0.1602824274063791,0.17351177902129225,0.16505216856053076,0.19421625047573915,0.16957589093405467,0.18180520595550223,0.1592536663930258,0.17555556477013123,0.16478472721016685,0.1830261979533817,0.1858610056408328,0.2003411664448564,0.2678670635396066,0.16807332548921458,0.17926675455563604,0.17897199483420803,0.16509938399167928,0.21490295319247454,0.15346194634234575,0.18799585485755266
13,0.17939746394396286,0.2236387247648766,0.15756341799461115,0.21727886334221094,0.18053025631450773,0.22012717895165054,0.22597093024870546,0.16650472645401096,0.18491989078051282,0.16454692151164116,0.2118608546187494,0.17690228501895017,0.1692312746686609,0.21705665480980396,0.1709095338163836,0.1857022231983577,0.19159919705963885,0.17681681759588702,0.22829133557640935,0.18026019994273138,0.18491613179794572,0.16777606256728955,0.16802383904284102,0.15813429771023746,0.20970352969721318,0.17412296297219756,0.17655643564128845,0.20514368871533645,0.18520636717097197,0.19791330544246172,0.18188087848518006,0.17727420902644087,0.1871742220525302,0.1956900298095729,0.2240686517255314,0.1875389590367407,0.17407894176993238,0.1759511112749403,0.15370550345299971,0.21229591875144485,0.17085269599612102,0.17931848614862184,0.14060852012785346,0.2040035959251261,0.17857289450303335,0.17514353175705083,0.15098547630050654,0.1790140522762346,0.17297552775620642,0.14571765104727769,0.18446912457186782,0.1714260323013393,0.22387518459323674,0.15220948851912847,0.1973574865342395
12,0.26873400160655164,0.21855742009309156,0.222288225488094,0.1827786521692695,0.22041530377320337,0.1754549545231513,0.17489588369401984,0.21493249694378025,0.24205177753656718,0.2217153296266009,0.18492200219356386,0.1680224970684108,0.19288729771521276,0.1720979133820214,0.19616944132238928,0.2117642615817852,0.19078253936418493,0.16662118077553248,0.220927060958014,0.1768853526590085,0.17588992455680824,0.17616632859107179,0.2058440082085551,0.18256667066781068,0.16563515846216215,0.19754133834548054,0.17134660661036458,0.20469105579075117,0.2000515531866783,0.17995541556877248,0.25126394217446035,0.192048403430618,0.20062615749602847,0.16113544405216854,0.1763704849912414,0.2156507119243356,0.1713839353344369,0.18944187106284005,0.1867527063813244,0.18175706991951623,0.1600923408174654,0.17024920040325184,0.22588480950430506,0.18775571102517358,0.16827469215600185,0.16882671937822197,0.18902471828575698,0.17198475545459252,0.2085133020647176,0.19591574327582553,0.19311088743190385,0.1750356514013027,0.23477664192204917,0.1660788685031788,0.207845978600677
11,0.19659585783155292,0.20254614888455394,0.20366856638756597,0.1844362760328034,0.23953970524895737,0.20222025148312267,0.1692525002860978,0.16801414160915693,0.19197861079993347,0.20956894581496927,0.1966182963967352,0.18572651286438535,0.1599529364767217,0.20893074482625884,0.2012160320300464,0.15739473122163997,0.19039201367354674,0.20361714296814493,0.16464538872619747,0.2132276871309284,0.16779252935280164,0.2043404349070425,0.23380956866621083,0.1891937727642163,0.16875931029078953,0.20774069018774136,0.18639567761894635,0.18798236502019097,0.22240295081762293,0.21787157646878882,0.22100590703532227,0.18009215335140327,0.19168515476079048,0.17313658763437548,0.2043413927980078,0.1682254458349901,0.18048087110136232,0.17754894859574108,0.17576210753058805,0.2082599299314627,0.20241806509257013,0.1670361003314651,0.24833178706447973,0.198563521390581,0.20690187512029637,0.15472173472351364,0.16614006286198862,0.20347536661567028,0.19463563845089313,0.16257162289410682,0.19242331279814553,0.1737929676084286,0.22867659063434626,0.16113134536454501,0.20434115332526648
10,0.17156974068190795,0.18148136320446595,0.14418457462414433,0.16407136269124808,0.17758262094070812,0.1780616663322787,0.25103237255529237,0.18417471454687465,0.15404256622812718,0.1618199254729523,0.1919116227529737,0.19458172796789477,0.18054902545324159,0.17684017488647596,0.20578274102030591,0.19520842285230525,0.17855840413070542,0.14246158839802434,0.17522152723151016,0.18257223917843843,0.16780515742577035,0.18942665883718912,0.22151702891923017,0.19360256951936564,0.16231056330076593,0.19938978752866648,0.2059788294580337,0.1819607813324971,0.1608964334739593,0.2499986414437586,0.2645804946705306,0.19175163673651463,0.2003401029824605,0.1765614517403781,0.15672515681654606,0.16898211094013638,0.17365340690867967,0.23402262551971487,0.17748132206942566,0.20357967676860422,0.2171454600446474,0.22474749284268197,0.23954266198929747,0.19516828877944686,0.17893669818849947,0.1835131704393833,0.15963955349205095,0.18861406603843978,0.2218391458106721,0.21365227028664202,0.18990143250907723,0.1740454369893873,0.24529345068925107,0.15524973199291567,0.2027697833220683
9,0.1854599564099765,0.18788981476932462,0.20668239306936487,0.17567938707446482,0.17248026700828203,0.20766421059981144,0.16299971463909835,0.2036866572754096,0.17905409660676655,0.19048393844257341,0.21160336910409785,0.20930610921680007,0.18974138337545496,0.18989249124795607,0.15703207922812876,0.24393091748101503,0.19188259996803356,0.18682244781391427,0.22141650122491008,0.19034772465547314,0.16935960212924125,0.25357374542705075,0.17234022003191324,0.2255946127561477,0.22062800560006451,0.14151724315434785,0.21831154835199668,0.20269579337069446,0.20042289263034638,0.16386760265135986,0.23520470225971976,0.1995102423097297,0.16393311862586732,0.18192200447686332,0.20094603332929098,0.22497966580234277,0.19757299340768136,0.17598450079584294,0.21502348239589517,0.19211969616348695,0.21743430346256118,0.25655501969376354,0.1499611777688265,0.25349289454659457,0.22369021463003963,0.19191602136375377,0.16869699768320995,0.17054748948819565,0.1981268989490913,0.18975127728531507,0.19679472119504182,0.17675189974857383,0.24919000486708376,0.15971751516306507,0.21416845407294582
8,0.20126151159193667,0.17732236987275105,0.18839890864651124,0.2906970293685281,0.20184973178208698,0.19609014255724447,0.23473256886217156,0.1884118622219069,0.15586654821077836,0.18840117747493024,0.18146960586930874,0.1989894290308031,0.2601442986317984,0.2305212662628199,0.20166471676900197,0.20292665909893132,0.17390977851091965,0.21550824047076203,0.1626330322378349,0.26489200795461243,0.2223363400781268,0.1921615587808362,0.1717837245589191,0.1954494928029061,0.24410637679216787,0.18941078943071168,0.1735944536973184,0.1869572692531411,0.2164867840037676,0.19594738527171873,0.19294314579264246,0.18291555003915855,0.21330430469728642,0.17675251380982995,0.2032475157645908,0.2587425818767408,0.1738419455956805,0.18917790994616984,0.20233844454982497,0.2000872084034141,0.18536910117575367,0.19384784369154962,0.19163253747963804,0.17158054703285008,0.17823022892699153,0.2217893679790412,0.1451762735543917,0.1417138295183402,0.18064920530193948,0.22261164688667553,0.1985975352423552,0.18085430544378178,0.2595135260920225,0.1589114660229538,0.21079010746411253
7,0.22258137746337067,0.21051509123247103,0.20623883341033522,0.23027033291890497,0.16186740990773094,0.203329066096766,0.15517248974204947,0.18723384981024366,0.21233402688084158,0.2781952593453647,0.18391595867188892,0.24049026691145922,0.1526399984380033,0.18671982337417065,0.17893931217975811,0.17440888069089228,0.2008269627789133,0.16476442302298444,0.17505086488838723,0.18507948587283013,0.27442181740120924,0.2131170386938229,0.21218220201657761,0.2132797108085095,0.27657366373948206,0.24978658282421123,0.21329059871957304,0.16275805239940724,0.2015547777502038,0.20138893308505254,0.23623177812653712,0.24992260973031585,0.2189218518820052,0.18024682123160782,0.16789045320747428,0.19101727152709394,0.17230055071602873,0.23643570185227275,0.1506993937245837,0.2965093872865902,0.20445381360292994,0.2960500299839408,0.1769481742173567,0.16692139994265567,0.2268092727837065,0.21605713300320717,0.15640732206346072,0.2161105145126527,0.15522056812261037,0.18070783000061377,0.2044957793718612,0.1755251922206296,0.2774655413227175,0.15519412501330188,0.2216664960680293
6,0.17540020792463693,0.216929604499166,0.263149208935473,0.20409154006288205,0.19842347622331805,0.19458728671327818,0.19331424194884322,0.20517063719398757,0.15420318963632487,0.25550069131293657,0.19496907441713857,0.1627335436274503,0.16712216792505438,0.22174030446643128,0.27295099121612715,0.1780675631676983,0.20492067580443196,0.1705173517964793,0.28002991882885414,0.17561657876140271,0.19625671037303702,0.21728115606666312,0.18441183088067356,0.2518046616341387,0.18325533338058983,0.1729461259175297,0.18740054906877288,0.23860291338983095,0.233160839836718,0.2009689051286059,0.2064346919196472,0.2087506068039993,0.20217816882877254,0.20214729502137319,0.156558113366491,0.19083141071072726,0.22937858023662716,0.1726497570773444,0.1940545969525261,0.14486735376161755,0.16661575150452412,0.2882757593625675,0.16092204681257846,0.27042397096204074,0.2469274053342096,0.16289862323045382,0.18885988161682454,0.24853302126318372,0.19985875341069292,0.2835699898475467,0.20560526116324446,0.1762293248629766,0.276844401403127,0.15852188341723036,0.2274690112940782
5,0.34164610016956354,0.2586624391429125,0.3025877395573733,0.29490845927617754,0.1866985181294817,0.2268428444328213,0.19194479434656092,0.1877924171495373,0.2834171903519561,0.18695910815251413,0.412306343071485,0.24427161078159154,0.22007621613075282,0.2700861983547558,0.21503518461616453,0.21764666325456958,0.23778032051012174,0.20063940345137427,0.2757338283200415,0.35001294453348447,0.25727864175915377,0.1876057206804779,0.23556746997224023,0.2429069753951273,0.21035888402023895,0.22171961731711756,0.24814615030513826,0.23383771600147127,0.2017001054156502,0.14567543675377775,0.221422327985521,0.16361124855760178,0.20448094762692895,0.23271796640639703,0.17401453265656522,0.22837343343225378,0.1880610546005828,0.23781086587202452,0.3359922986240553,0.23811023692776723,0.16690765888176498,0.1997216872638659,0.20099850694703061,0.3084334929117593,0.2313525885878719,0.15844645946552013,0.33419553407666386,0.18379096863342886,0.42735663275096303,0.17772071430366485,0.23806728395731713,0.19388901757588717,0.34624786456972,0.16509463320347523,0.2583164897969728
4,0.2701458161013765,0.3611903386087759,0.22872058964729647,0.24355638311457384,0.2556286804235933,0.38608427807538126,0.38792056148792187,0.30129225909433965,0.20222030463298724,0.1959808187090235,0.19048537554553144,0.18606028961229829,0.22267743497144896,0.2715872748243918,0.16056230101677252,0.18987769271512234,0.1904162663571443,0.35681095088574677,0.2104247205513692,0.25398963164049565,0.14163432374945084,0.2752110714437133,0.46252387054639893,0.2534168632582336,0.2228514133766834,0.34149478826194857,0.2707346440766865,0.1644718162586007,0.153198637528785,0.1739297089517573,0.1869478200164336,0.22965178217146776,0.34231954084984306,0.23024892690662246,0.23214270128802716,0.21520417057090155,0.19728521474077618,0.16219331218260552,0.21213598051647298,0.2461678460380988,0.279977872931864,0.16793250210079141,0.2395507176126708,0.20632890237787416,0.21047342454593213,0.175607011754942,0.19964841856981955,0.21673947410836353,0.20617085762584203,0.19914692783055812,0.2376194502041551,0.19185923633640445,0.3748820053154088,0.16129625604139736,0.2665165321819307
3,0.3207458457590169,0.2963749489184514,0.3504617728140858,0.19158427681097498,0.3291630345073909,0.18872032030398614,0.28051278678968805,0.23438003021968343,0.24852989631587788,0.16731043950716662,0.19985947331854123,0.19143653509953307,0.24909029853589496,0.25237733729782447,0.20538031319598035,0.21093701138435692,0.35191955909697425,0.25914931722760537,0.2225612414252729,0.417509260396819,0.22654862727552197,0.24397692921148956,0.4450697988534104,0.24897041507959536,0.31354770987022695,0.2227714303513333,0.2148501940851076,0.20723183395844194,0.35285266288465716,0.20847932278584572,0.3016710069873245,0.19156259136876622,0.2230779364410857,0.22281657943730415,0.2191954443047931,0.30143096707585243,0.2537432796638283,0.2040937078034677,0.34279467730752516,0.2872824399247196,0.21099806096482412,0.19873745614519672,0.23785052809530918,0.2237116953860855,0.3213495926249466,0.2027617794484539,0.20876478764472253,0.23321085826714952,0.27082840525352864,0.23552918210868298,0.25487427199068646,0.20930784357963111,0.35243276618019986,0.19149326042068798,0.2941018216700184
2,0.36836493908914264,0.26099381350453965,0.6010089633031128,0.36412419992813494,0.2673337092949937,0.2201072532837581,0.32715739468823074,0.3879660025958919,0.271212605817908,0.2879856099583312,0.2531921477682875,0.23250542627533582,0.1814137590669019,0.27808724281532843,0.2382064530333753,0.30998836271736185,0.3598193691973786,0.29706878474277587,0.2606908908861446,0.28420079274703197,0.2775089696794132,0.258336845743875,0.2290084048561845,0.22243221527479226,0.36185619259910207,0.3649951062416243,0.22238872574048585,0.23783453528909473,0.207751042941666,0.23884702664335933,0.4766314563403002,0.24988920062665915,0.31333271131937956,0.2706875111072923,0.16735196564457888,0.32098273346520406,0.18575215067574435,0.2757089662496153,0.34288664318527157,0.1814571248364179,0.3852415973073296,0.30009702371070546,0.432965296353148,0.380536095497198,0.309320909382474,0.30740839288451255,0.24088050043499765,0.3598193691973786,0.29480502410971465,0.1821921407607891,0.2930066719762455,0.2383665964358713,0.41271561416238267,0.18178788200238494,0.33895433106101136
1,0.20055133806460845,0.19416877685079953,0.2332954652273311,0.18992123190396132,0.19416877685079953,0.38878610066884467,0.2733537377082391,0.19307344405765495,0.2313105731289635,0.22027410292535582,0.742481675931382,0.24868975837238233,0.20055133806460845,0.3107108469044529,0.18992123190396132,0.2509531300147456,0.548862430237412,0.3994190642479517,0.19148358634883547,0.33619916902347396,0.4842336567454641,0.2678172559571914,0.4529872415448611,0.3893739687636701,0.19148358634883547,0.28146033127355163,0.3457641502536422,0.42166988358054774,0.3578981633614117,0.2978793228736074,0.19969414410351327,0.37386827173610493,0.42475627519161113,0.32341875485569405,0.2678172559571914,0.24868975837238233,0.6228914755101173,0.43392882367517405,0.19723733286927797,0.33619916902347396,0.18234217958376625,0.2313105731289635,0.40783261373183144,0.5699576057884441,0.20339606078289646,0.29204201209233843,0.31679361591397875,0.24146204610539482,0.2621607908712819,1.043434053498618,0.32815952303861196,0.2076155713185113,0.5990712341353642,0.19062429140415468,0.3892270017399637
